SKEMPI_ID;∆∆G(kcal/mol);Position;Method;Rerference;Comments
1CSE_E_I_LI45G;2.25;ITF;IASP;9048543;
1CSE_E_I_LI45S;1.17;ITF;IASP;9048543;
1CSE_E_I_LI45P;6.67;ITF;IASP;9048543;
1CSE_E_I_LI45I;2.94;ITF;IASP;9048543;
1CSE_E_I_LI45D;4.35;ITF;IASP;9048543;
1CSE_E_I_LI45E;2.35;ITF;IASP;9048543;
1ACB_E_I_LI45G;6.03;ITF;IASP;9048543;
1ACB_E_I_LI45S;4.95;ITF;IASP;9048543;
1ACB_E_I_LI45P;6.85;ITF;IASP;9048543;
1ACB_E_I_LI45I;4.23;ITF;IASP;9048543;
1ACB_E_I_LI45D;6.77;ITF;IASP;9048543;
1ACB_E_I_LI45E;6.55;ITF;IASP;9048543;
1SBN_E_I_RI45K;-3.10e-01;ITF;IASP;1992167;
1SIB_E_I_KI53R;-7.31e-01;ITF;IASP;1992167;
1TM1_E_I_YI61G;4.68;ITF;SFFL;10065709;
1TM1_E_I_RI67C;3.23;ITF;IASP;10065709;
1TM1_E_I_TI58D;2.10;ITF;IASP;7947796;
1TM1_E_I_VI70A;2.49e-02;NIF;IASP;7947796;
1Y1K_E_I_AI58T;-2.73;ITF;IASP;15865427;
1Y33_E_I_PI58T;-3.75;ITF;IASP;15865427;
1Y34_E_I_AI60E;-3.05;ITF;IASP;15865427;
1Y3B_E_I_SI60E;-2.75;ITF;IASP;15865427;
1Y3C_E_I_AI62R;-1.26;NIF;IASP;15865427;
1Y48_E_I_AI65R;-3.75;NIF;IASP;15865427;
1Y3D_E_I_AI67R;-3.10;NIF;IASP;15865427;
1TM1_E_I_TI58P;3.75;ITF;IASP;15865427;
1TM1_E_I_EI60S;2.75;ITF;IASP;15865427;
1TM1_E_I_RI62A;1.26;ITF;IASP;15865427;
1TM4_E_I_GI59M;-2.23;ITF;IASP;15504027;
1TM5_E_I_AI59M;-1.03;ITF;IASP;15504027;
1TM3_E_I_KI59M;-1.09;ITF;IASP;15504027;
1TM7_E_I_YI59M;-5.64e-02;ITF;IASP;15504027;
1TMG_E_I_FI59M;-1.03;ITF;IASP;15504027;
1TO1_E_I_AI61Y;-2.98;ITF;IASP;15504027;
1TM1_E_I_MI59G;2.23;ITF;IASP;15504027;
1TM1_E_I_MI59A;1.03;ITF;IASP;15504027;
1TM1_E_I_MI59K;1.09;ITF;IASP;15504027;
1TM1_E_I_MI59Y;5.64e-02;ITF;IASP;15504027;
1TM1_E_I_MI59F;1.03;ITF;IASP;15504027;
2SIC_E_I_MI73E;7.96e-01;ITF;IASP;8276767;
2SIC_E_I_MI73D;7.51e-01;ITF;IASP;8276767;
2SIC_E_I_MI73H;2.18e-01;ITF;IASP;8276767;
2SIC_E_I_MI73K;0.00;ITF;IASP;8276767;
2SIC_E_I_MI73R;0.00;ITF;IASP;8276767;
2SIC_E_I_MI73G;1.45e-01;ITF;IASP;8276767;
2SIC_E_I_MI73A;2.18e-01;ITF;IASP;8276767;
2SIC_E_I_MI73L;-2.40e-01;ITF;IASP;8276767;
2SIC_E_I_MI73V;7.13e-01;ITF;IASP;8276767;
2SIC_E_I_MI73I;1.60;ITF;IASP;8276767;
1IAR_A_B_IA5A;1.17;ITF;SPR;9050834;
1IAR_A_B_IA5R;7.96e-01;ITF;SPR;9050834;
1IAR_A_B_TA6A;-1.04e-01;ITF;SPR;9050834;
1IAR_A_B_TA6D;1.39;ITF;SPR;9050834;
1IAR_A_B_QA8A;-2.23e-02;ITF;SPR;9050834;
1IAR_A_B_QA8R;3.89e-02;ITF;SPR;9050834;
1IAR_A_B_EA9Q;3.11;ITF;SPR;9050834;
1IAR_A_B_IA11A;6.89e-02;NIF;SPR;9050834;
1IAR_A_B_KA12S;-1.48e-02;ITF;SPR;9050834;
1IAR_A_B_KA12E;1.39e-01;ITF;SPR;9050834;
1IAR_A_B_TA13A;9.78e-01;ITF;SPR;9050834;
1IAR_A_B_TA13D;-2.19e-01;ITF;SPR;9050834;
1IAR_A_B_NA15A;-3.38e-02;NIF;SPR;9050834;
1IAR_A_B_NA15D;-7.80e-02;NIF;SPR;9050834;
1IAR_A_B_SA16A;-1.83e-01;NIF;SPR;9050834;
1IAR_A_B_SA16D;-1.04e-01;NIF;SPR;9050834;
1IAR_A_B_EA19A;-3.20e-01;NIF;SPR;9050834;
1IAR_A_B_EA19R;-1.17e-01;NIF;SPR;9050834;
1IAR_A_B_RA53Q;8.35e-01;ITF;SPR;9050834;
1IAR_A_B_KA77A;1.54e-01;NIF;SPR;9050834;
1IAR_A_B_KA77E;6.12e-01;NIF;SPR;9050834;
1IAR_A_B_QA78A;1.25e-01;ITF;SPR;9050834;
1IAR_A_B_QA78E;2.45e-01;ITF;SPR;9050834;
1IAR_A_B_RA81A;4.79e-01;ITF;SPR;9050834;
1IAR_A_B_RA81E;1.46;ITF;SPR;9050834;
1IAR_A_B_FA82A;-8.64e-02;ITF;SPR;9050834;
1IAR_A_B_FA82D;-5.80e-01;ITF;SPR;9050834;
1IAR_A_B_KA84A;3.45e-01;ITF;SPR;9050834;
1IAR_A_B_KA84D;1.88;ITF;SPR;9050834;
1IAR_A_B_RA85A;4.27e-01;ITF;SPR;9050834;
1IAR_A_B_RA85E;1.22;ITF;SPR;9050834;
1IAR_A_B_RA88Q;2.83;ITF;SPR;9050834;
1IAR_A_B_RA88A;3.75;ITF;SPR;9050834;
1IAR_A_B_NA89A;1.56;ITF;SPR;9050834;
1IAR_A_B_WA91A;7.29e-01;ITF;SPR;9050834;
1IAR_A_B_WA91D;1.31;ITF;SPR;9050834;
1BRS_A_D_RA83Q;5.42;ITF;SFFL;7739054;
1BRS_A_D_YD29F;-1.32e-01;ITF;SFFL;7739054;
1BRS_A_D_YD29A;3.47;ITF;SFFL;7739054;
1BRS_A_D_WD38F;1.64;ITF;SFFL;7739054;
1BRS_A_D_TD42A;1.86;ITF;SFFL;7739054;
1BRS_A_D_WD44F;5.64e-02;ITF;SFFL;7739054;
1BRS_A_D_EA73Q;1.45;ITF;SFFL;9126847;
1BRS_A_D_EA73W;1.66;ITF;SFFL;9126847;
1BRS_A_D_EA73Y;2.41;ITF;SFFL;9126847;
1BRS_A_D_EA73F;2.23;ITF;SFFL;9126847;
1BRS_A_D_EA73C;2.53;ITF;SFFL;9126847;
1BRS_A_D_EA73S;3.01;ITF;SFFL;9126847;
1BRS_A_D_RA59K;2.49;ITF;IAFL;8507637;
1BRS_A_D_HA102Q;4.55;ITF;IAFL;8507637;
1BRS_A_D_HA102D;4.55;ITF;IAFL;8507637;
1BRS_A_D_HA102G;6.82;ITF;IAFL;8507637;
1BRS_A_D_HA102L;7.66;ITF;IAFL;8507637;
1B2U_A_D_AA27K;-5.04;ITF;SFFL;7739054;
1B2U_A_D_AD36D;-4.17;ITF;SFFL;7739054;
1B2S_A_D_AA27K;-3.86;ITF;SFFL;7739054;
1B2S_A_D_AD43T;-3.43e-01;ITF;SFFL;7739054;
1B3S_A_D_AA102H;-5.68;ITF;SFFL;7739054;
1B3S_A_D_FD30Y;5.96e-01;ITF;SFFL;7739054;
1X1W_A_D_AD80E;-4.10e-01;NIF;SPR;Water-mediated interaction at a protein-protein interface, Chemical Physics, Volume 307, Issues 2-3, 2004;
1X1X_A_D_AD76E;-8.23e-01;ITF;SPR;Water-mediated interaction at a protein-protein interface, Chemical Physics, Volume 307, Issues 2-3, 2004;
1BRS_A_D_WA35F;1.41;ITF;SFFL;8494892;
1BRS_A_D_DA54A;-8.88e-01;NIF;SFFL;8494892;
1BRS_A_D_NA58A;3.06;ITF;SFFL;8494892;
1BRS_A_D_EA60A;-3.26e-01;ITF;SFFL;8494892;
1SBB_A_B_LB20T;-9.13e-02;ITF;SPR;9500785;
1SBB_A_B_VB26Y;-1.45;ITF;SPR;9500785;
1SBB_A_B_YB91V;7.91e-02;ITF;SPR;9500785;
1JCK_A_B_TB20A;1.65;ITF;SPR;9500785;
1JCK_A_B_YB26A;1.77;ITF;SPR;9500785;
1JCK_A_B_NB60A;1.64;ITF;SPR;9500785;
1JCK_A_B_YB90A;2.59;ITF;SPR;9500785;
1JCK_A_B_VB91A;2.23;ITF;SPR;9500785;
1JCK_A_B_KB103A;6.76e-01;ITF;SPR;9500785;
1JCK_A_B_FB176A;2.13;ITF;SPR;9500785;
1E96_A_B_NA26H;1.09;ITF;FL;9228059;
1E96_A_B_IA33N;2.01;ITF;FL;9228059;
1E96_A_B_DA38N;2.16;NIF;FL;9228059;
1E96_A_B_MA45T;3.60e-01;NIF;FL;9228059;
1E96_A_B_KA132E;-1.87e-01;NIF;FL;9228059;
1E96_A_B_LA134R;-1.25e-01;NIF;FL;9228059;
1AK4_A_D_PD485A;1.09;ITF;SPR;9223641;
1AK4_A_D_VD486A;9.91e-01;ITF;SPR;9223641;
1AK4_A_D_HD487A;1.01;ITF;SPR;9223641;
1AK4_A_D_HD487Q;9.73e-01;ITF;SPR;9223641;
1AK4_A_D_HD487R;1.64;ITF;SPR;9223641;
1AK4_A_D_AD488V;7.69e-01;ITF;SPR;9223641;
1AK4_A_D_AD488G;2.65;ITF;SPR;9223641;
1AK4_A_D_GD489A;2.08;ITF;SPR;9223641;
1AK4_A_D_GD489V;3.03;ITF;SPR;9223641;
1AK4_A_D_PD490A;2.17;ITF;SPR;9223641;
1AK4_A_D_ID491A;2.40e-01;ITF;SPR;9223641;
1AK4_A_D_ID491V;0.00;ITF;SPR;9223641;
1AK4_A_D_AD492G;5.81e-01;ITF;SPR;9223641;
1AK4_A_D_AD492V;3.59e-01;ITF;SPR;9223641;
1AK4_A_D_PD493A;6.83e-01;ITF;SPR;9223641;
1M9E_A_D_AD87H;-1.01;ITF;SPR;9223641;
2B42_A_B_HA374A;1.62;ITF;SPR;16279951;
2B42_A_B_HA374Q;1.06;ITF;SPR;16279951;
2B42_A_B_HA374K;2.54;ITF;SPR;16279951;
2I26_N_L_AN30V;3.04e-02;ITF;SPR;16446445;
2I26_N_L_SN61R;-6.26e-01;NIF;SPR;16446445;
2HLE_A_B_KA149Q;-4.10e-01;ITF;ITC;16867992;
2HLE_A_B_LA95R;2.29;ITF;ITC;16867992;
2I9B_A_E_RE137A;-2.88e-01;ITF;SPR;10864923;
2I9B_A_E_KE139A;6.74e-01;ITF;SPR;10864923;
2I9B_A_E_RE142A;3.63e-01;NIF;SPR;10864923;
2I9B_A_E_HE143A;6.61e-01;NIF;SPR;10864923;
2I9B_A_E_RE145A;4.20e-01;NIF;SPR;10864923;
1UUZ_A_D_HA62Q;1.52;ITF;IASP;17405861;
1UUZ_A_D_HA62N;1.52;ITF;IASP;17405861;
1UUZ_A_D_HA62D;3.38;ITF;IASP;17405861;
1UUZ_A_D_HA62A;1.77;ITF;IASP;17405861;
1UUZ_A_D_CA64A;6.51e-01;ITF;IASP;17405861;
1EFN_A_B_TA97H;1.24;ITF;SPR;7588629;
1EFN_A_B_IA96A;1.45;ITF;SPR;7588629;
3BP8_A_C_FA136A;7.09e-01;ITF;SPR;18319344;
3BP8_A_C_AC63F;6.15e-01;ITF;SPR;18319344;
2HRK_A_B_TB57V;6.24e-01;ITF;SPR;17976650;
2HRK_A_B_TA127V;7.21e-01;ITF;SPR;17976650;
2HRK_A_B_KA159A;9.53e-01;ITF;SPR;17976650;
2WPT_A_B_DA33L;-3.40;ITF;SFFL;9718299;
2WPT_A_B_NA34V;-8.97e-01;ITF;SFFL;9718299;
2WPT_A_B_RA38T;-1.04;ITF;SFFL;9718299;
2WPT_A_B_EA39H;3.82e-02;NIF;SFFL;9718299;
2WPT_A_B_RA42E;-3.72e-01;NIF;SFFL;9718299;
2WPT_A_B_EA30A;1.73;ITF;SFFL;9718299;
2WPT_A_B_DA33A;-1.32e-01;ITF;SFFL;9718299;
2WPT_A_B_NA34A;-3.80e-01;ITF;SFFL;9718299;
2WPT_A_B_VA37A;3.81;ITF;SFFL;9718299;
2WPT_A_B_RA38A;-1.11;ITF;SFFL;9718299;
2WPT_A_B_EA41A;4.50;ITF;SFFL;9718299;
2WPT_A_B_RA42A;-2.40e-01;NIF;SFFL;9718299;
2WPT_A_B_SA50A;2.42;ITF;SFFL;9718299;
2WPT_A_B_PA56A;2.93;ITF;SFFL;9718299;
2VLP_A_B_AB54R;-1.67;NIF;RA;18471830;SFFL for kon, RA for koff
2VLN_A_B_AB75N;-2.33;ITF;RA;18471830;SFFL for kon, RA for koff
2VLQ_A_B_AB86F;-3.88;ITF;RA;18471830;SFFL for kon, RA for koff
2VLO_A_B_AB97K;-1.96;ITF;RA;18471830;SFFL for kon, RA for koff
1EMV_A_B_RB54A;1.67;ITF;RA;18471830;SFFL for kon, RA for koff
1EMV_A_B_NB72A;1.16;ITF;RA;18471830;SFFL for kon, RA for koff
1EMV_A_B_SB74A;-2.41e-01;ITF;RA;18471830;SFFL for kon, RA for koff
1EMV_A_B_NB75A;2.33;ITF;RA;18471830;SFFL for kon, RA for koff
1EMV_A_B_SB77A;-2.33e-01;ITF;RA;18471830;SFFL for kon, RA for koff
1EMV_A_B_SB78A;-5.40e-01;ITF;RA;18471830;SFFL for kon, RA for koff
1EMV_A_B_SB84A;-1.09e-01;ITF;RA;18471830;SFFL for kon, RA for koff
1EMV_A_B_FB86A;3.88;ITF;RA;18471830;SFFL for kon, RA for koff
1EMV_A_B_TB87A;1.58e-01;ITF;RA;18471830;SFFL for kon, RA for koff
1EMV_A_B_QB92A;-2.78e-01;ITF;RA;18471830;SFFL for kon, RA for koff
1EMV_A_B_KB97A;1.96;ITF;RA;18471830;SFFL for kon, RA for koff
1EMV_A_B_VB98A;1.09;ITF;RA;18471830;SFFL for kon, RA for koff
1EMV_A_B_CA23A;9.22e-01;ITF;SFFL;9425068;
1EMV_A_B_NA24A;1.39e-01;ITF;SFFL;9425068;
1EMV_A_B_DA26A;3.37e-01;NIF;SFFL;9425068;
1EMV_A_B_TA27A;7.28e-01;ITF;SFFL;9425068;
1EMV_A_B_SA28A;1.73e-01;ITF;SFFL;9425068;
1EMV_A_B_SA29A;9.56e-01;ITF;SFFL;9425068;
1EMV_A_B_EA30A;1.42;ITF;SFFL;9425068;
1EMV_A_B_EA31A;3.07e-01;NIF;SFFL;9425068;
1EMV_A_B_EA32A;2.20e-01;NIF;SFFL;9425068;
1EMV_A_B_LA33A;3.42;ITF;SFFL;9425068;
1EMV_A_B_VA34A;2.58;ITF;SFFL;9425068;
1EMV_A_B_KA35A;1.92e-01;NIF;SFFL;9425068;
1EMV_A_B_LA36A;9.07e-01;NIF;SFFL;9425068;
1EMV_A_B_VA37A;1.66;ITF;SFFL;9425068;
1EMV_A_B_TA38A;9.00e-01;ITF;SFFL;9425068;
1EMV_A_B_EA41A;2.08;ITF;SFFL;9425068;
1EMV_A_B_EA42A;6.58e-01;NIF;SFFL;9425068;
1EMV_A_B_TA44A;3.05e-01;NIF;SFFL;9425068;
1EMV_A_B_EA45A;2.13e-01;NIF;SFFL;9425068;
1EMV_A_B_HA46A;8.32e-01;ITF;SFFL;9425068;
1EMV_A_B_PA47A;4.37e-01;ITF;SFFL;9425068;
1EMV_A_B_SA48A;7.27e-03;ITF;SFFL;9425068;
1EMV_A_B_GA49A;1.49;ITF;SFFL;9425068;
1EMV_A_B_SA50A;2.19;ITF;SFFL;9425068;
1EMV_A_B_DA51A;5.92;ITF;SFFL;9425068;
1EMV_A_B_LA52A;6.01e-01;NIF;SFFL;9425068;
1EMV_A_B_IA53A;8.48e-01;ITF;SFFL;9425068;
1EMV_A_B_YA54A;4.83;ITF;SFFL;9425068;
1EMV_A_B_YA55A;4.63;ITF;SFFL;9425068;
1EMV_A_B_PA56A;1.24;ITF;SFFL;9425068;
1EMV_A_B_DA60A;5.11e-01;NIF;SFFL;9425068;
1EMV_A_B_SA63A;8.70e-01;NIF;SFFL;9425068;
1EMV_A_B_VA68A;1.86;NIF;SFFL;9425068;
1EMV_A_B_NA69A;2.78e-01;NIF;SFFL;9425068;
1FR2_A_B_AA41E;-2.08;ITF;SFFL;9425068;
2GYK_A_B_AA51D;-5.92;ITF;SFFL;9425068;
2B0Z_A_B_IB82F;-2.53;ITF;ITC;16227441;
2B10_A_B_SB82F;-1.16;ITF;ITC;16227441;
2B11_A_B_WB382F;-7.54e-01;ITF;ITC;16227441;
2B12_A_B_YB82F;-1.57;ITF;ITC;16227441;
2PCC_A_B_DA34A;-8.97e-01;ITF;ITC;11148036;
2PCC_A_B_VA197A;2.10;ITF;ITC;11148036;
2PCC_A_B_EA290A;6.20;ITF;ITC;11148036;
2PCC_A_B_KB87A;9.01e-01;ITF;ITC;11148036;
2PCC_A_B_KB72A;3.04e-01;ITF;ITC;11148036;
2PCC_A_B_AB81G;1.90;ITF;ITC;11148036;
2PCB_A_B_EA291Q;-5.65e-02;NIF;ITC;9092837;
2PCB_A_B_EA32Q;6.05e-01;ITF;ITC;9092837;
2PCB_A_B_EA35Q;6.76e-01;ITF;ITC;9092837;
2PCB_A_B_AA193F;7.33e-01;ITF;ITC;9092837;
2PCB_A_B_DA34N;8.21e-01;ITF;ITC;9092837;
2PCB_A_B_EA290N;8.71e-01;ITF;ITC;9092837;
2OOB_A_B_KA935E;-1.78e-01;NIF;FL;18596201;
2OOB_A_B_GA941S;2.35e-01;ITF;FL;18596201;
2O3B_A_B_EB24A;5.47;ITF;IAGE;17138564;
2O3B_A_B_EB24D;5.99e-01;ITF;IAGE;17138564;
2O3B_A_B_EB24Q;5.40;ITF;IAGE;17138564;
2O3B_A_B_QB74A;3.23;ITF;IAGE;17138564;
2O3B_A_B_DB75E;5.44;ITF;IAGE;17138564;
2O3B_A_B_DB75N;5.90;ITF;IAGE;17138564;
2O3B_A_B_WB76A;4.07;ITF;IAGE;17138564;
2J0T_A_D_VD4A;0.00;ITF;IAFL;12515831;
2J0T_A_D_VD4I;1.64;ITF;IAFL;12515831;
2J0T_A_D_VD4K;1.82;ITF;IAFL;12515831;
2J0T_A_D_VD4S;9.82e-01;ITF;IAFL;12515831;
2J0T_A_D_SD68A;2.11;ITF;IAFL;12515831;
2J0T_A_D_SD68E;2.18;ITF;IAFL;12515831;
2J0T_A_D_SD68R;2.84;ITF;IAFL;12515831;
2J0T_A_D_SD68Y;2.98;ITF;IAFL;12515831;
2J0T_A_D_TD2L;2.68;ITF;IAFL;12515831;
2J0T_A_D_TD2R;5.04;ITF;IAFL;12515831;
2J0T_A_D_TD2S;1.59;ITF;IAFL;12515831;
2J0T_A_D_TD2A;4.39;ITF;IAFL;9268350;
2J0T_A_D_MD66A;1.68;ITF;IAFL;9268350;
2J0T_A_D_VD69I;8.09e-01;ITF;IAFL;9268350;
2J0T_A_D_VD69T;1.32;ITF;IAFL;9268350;
2J0T_A_D_CD70S;4.41;ITF;IAFL;9268350;
2C0L_A_B_NA382A;7.04e-01;NIF;ITC;17157249;
2C0L_A_B_QA586R;1.52;NIF;ITC;17157249;
2C0L_A_B_SA589Y;2.80e-01;NIF;ITC;17157249;
2BTF_A_P_FP59A;1.60;ITF;FL;9788869;
2BTF_A_P_VP60E;9.78e-01;ITF;FL;9788869;
2BTF_A_P_GP120F;1.72;ITF;FL;9788869;
2BTF_A_P_KP125A;4.60e-01;ITF;FL;9788869;
2AJF_A_E_KE344R;-7.36e-03;NIF;SPR;15791205;
2AJF_A_E_FE360S;-8.22e-02;NIF;SPR;15791205;
2AJF_A_E_NE479K;2.01;ITF;SPR;15791205;
2AJF_A_E_TE487S;1.82;ITF;SPR;15791205;
2A9K_A_B_GB99D;2.41;ITF;ITC;16177825;
4CPA_A_I_PI36G;2.59;ITF;IASP;10691989;
4CPA_A_I_YI37G;5.02e-01;ITF;IASP;10691989;
4CPA_A_I_YI37F;0.00;ITF;IASP;10691989;
4CPA_A_I_VI38G;3.73;ITF;IASP;10691989;
4CPA_A_I_VI38A;2.32;ITF;IASP;8063780;
4CPA_A_I_VI38L;1.28;ITF;IASP;8063780;
4CPA_A_I_VI38I;1.99e-01;ITF;IASP;8063780;
4CPA_A_I_VI38F;0.00;ITF;IASP;8063780;
1XD3_A_B_KB6A;1.38;ITF;IARA;10518943;
1XD3_A_B_KB27A;-6.39e-02;ITF;IARA;10518943;
1XD3_A_B_RB42L;-8.82e-01;ITF;IARA;10518943;
1XD3_A_B_RB54L;8.89e-01;NIF;IARA;10518943;
1XD3_A_B_HB68N;0.00;ITF;IARA;10518943;
1XD3_A_B_RB72L;1.33;ITF;IARA;10518943;
1XD3_A_B_RB74L;2.43;ITF;IARA;10518943;
1XD3_A_B_EB24A;-2.46e-01;NIF;IARA;10518943;
1XD3_A_B_DB39A;-4.20e-01;ITF;IARA;10518943;
1XD3_A_B_EB51A;1.57;NIF;IARA;10518943;
1XD3_A_B_DB52A;-2.46e-01;NIF;IARA;10518943;
1XD3_A_B_DB58A;-2.46e-01;NIF;IARA;10518943;
1XD3_A_B_KB6R;3.10e-01;ITF;IARA;10518943;
1XD3_A_B_LB8A;2.74;ITF;IARA;10518943;
1XD3_A_B_KB11R;1.43;ITF;IARA;10518943;
1XD3_A_B_KB27R;2.72e-01;ITF;IARA;10518943;
1XD3_A_B_KB33R;0.00;NIF;IARA;10518943;
1XD3_A_B_IB44A;2.72e-01;ITF;IARA;10518943;
1S1Q_A_B_VA43A;6.59e-01;ITF;SPR;12006492;
1S1Q_A_B_FA44A;1.96e-01;ITF;SPR;12006492;
1S1Q_A_B_NA45A;1.21;ITF;SPR;12006492;
1S1Q_A_B_DA46A;9.49e-01;ITF;SPR;12006492;
1S1Q_A_B_WA75A;2.76e-01;ITF;SPR;12006492;
1S1Q_A_B_FA88A;7.62e-01;ITF;SPR;12006492;
1MAH_A_F_FA295L;1.25;ITF;IASP;8157652;
1MAH_A_F_FA297I;2.06;ITF;IASP;8157652;
1MAH_A_F_FA297Y;7.92e-01;ITF;IASP;8157652;
1MAH_A_F_FA338G;7.92e-01;NIF;IASP;8157652;
1MAH_A_F_YA337A;3.87e-01;NIF;IASP;8157652;
1MAH_A_F_DA74N;1.88;ITF;IASP;8157652;
1MAH_A_F_YA124Q;3.00;ITF;IASP;8157652;
1MAH_A_F_YA72N;5.22;ITF;IASP;8157652;
1MAH_A_F_WA286R;8.81;ITF;IASP;8157652;
1LFD_A_B_RA20A;1.14;ITF;ITC;15197281;
1LFD_A_B_SA22K;-1.18e-01;NIF;ITC;15197281;
1LFD_A_B_LA23K;-1.55e-02;NIF;ITC;15197281;
1LFD_A_B_NA27K;4.03e-01;ITF;ITC;15197281;
1LFD_A_B_MA30K;-9.20e-01;ITF;ITC;15197281;
1LFD_A_B_KA32A;1.33;ITF;ITC;15197281;
1LFD_A_B_KA48A;2.58e-01;NIF;ITC;15197281;
1LFD_A_B_DA51A;-5.79e-01;ITF;ITC;15197281;
1LFD_A_B_DA51K;-1.09;ITF;ITC;15197281;
1LFD_A_B_KA52A;1.18;ITF;ITC;15197281;
1LFD_A_B_NA54K;-1.17;ITF;ITC;15197281;
1LFD_A_B_LA55K;-5.71e-01;NIF;ITC;15197281;
1LFD_A_B_DA56A;-2.80e-01;ITF;ITC;15197281;
1LFD_A_B_EA57A;-2.46e-01;NIF;ITC;15197281;
1LFD_A_B_EA57K;-2.84e-01;NIF;ITC;15197281;
1LFD_A_B_DA58K;-9.06e-01;NIF;ITC;15197281;
1LFD_A_B_NA92K;-5.63e-01;NIF;ITC;15197281;
1LFD_A_B_YA93K;7.72e-02;NIF;ITC;15197281;
1LFD_A_B_DA94K;-1.15;NIF;ITC;15197281;
1KTZ_A_B_VA92I;2.43e-01;ITF;SPR;19161338;
1KTZ_A_B_RA25K;1.15;ITF;SPR;19161338;
1KTZ_A_B_RA94K;2.20;ITF;SPR;19161338;
1KTZ_A_B_RA25A;1.48;ITF;SPR;19161338;
1KTZ_A_B_RA94A;2.88;ITF;SPR;19161338;
1KTZ_A_B_LB27A;1.82;ITF;SPR;16300789;
1KTZ_A_B_FB30A;2.98;ITF;SPR;16300789;
1KTZ_A_B_DB32A;1.52;ITF;SPR;16300789;
1KTZ_A_B_DB32N;2.00;ITF;SPR;16300789;
1KTZ_A_B_SB49A;3.26e-01;ITF;SPR;16300789;
1KTZ_A_B_IB50A;1.90;ITF;SPR;16300789;
1KTZ_A_B_TB51A;1.51;ITF;SPR;16300789;
1KTZ_A_B_SB52A;2.16e-01;ITF;SPR;16300789;
1KTZ_A_B_SB52L;4.04;ITF;SPR;16300789;
1KTZ_A_B_IB53A;1.37;ITF;SPR;16300789;
1KTZ_A_B_EB55A;1.22;ITF;SPR;16300789;
1KTZ_A_B_VB77A;4.15e-01;ITF;SPR;16300789;
1KTZ_A_B_DB118A;8.14e-01;ITF;SPR;16300789;
1KTZ_A_B_EB119A;1.49;ITF;SPR;16300789;
1KTZ_A_B_EB119Q;1.63;ITF;SPR;16300789;
1KTZ_A_B_NB47A;2.85e-01;NIF;SPR;16300789;
1KTZ_A_B_VB62A;6.48e-01;NIF;SPR;16300789;
1KTZ_A_B_EB75A;1.08;NIF;SPR;16300789;
1KTZ_A_B_HB79A;2.95e-01;NIF;SPR;16300789;
1KTZ_A_B_FB110A;9.32e-01;NIF;SPR;16300789;
1KTZ_A_B_MB112A;8.71e-01;NIF;SPR;16300789;
1KTZ_A_B_IB125A;5.39e-01;NIF;SPR;16300789;
3BK3_A_C_LC1A;0.00;ITF;SPR;18477456;
3BK3_A_C_LC1R;2.63e-02;ITF;SPR;18477456;
3BK3_A_C_IC2A;1.04;ITF;SPR;18477456;
3BK3_A_C_IC2R;6.51e-01;ITF;SPR;18477456;
3BK3_A_C_TC3P;4.86e-01;ITF;SPR;18477456;
3BK3_A_C_TC5P;1.74;ITF;SPR;18477456;
3BK3_A_C_IC18A;4.86e-01;ITF;SPR;18477456;
3BK3_A_C_IC18R;4.24e-01;ITF;SPR;18477456;
3BK3_A_C_IC21A;1.31;ITF;SPR;18477456;
3BK3_A_C_IC21R;2.12;ITF;SPR;18477456;
3BK3_A_C_IC27A;1.26;ITF;SPR;18477456;
3BK3_A_C_IC27R;1.17;ITF;SPR;18477456;
3BK3_A_C_AC36R;1.38;ITF;SPR;18477456;
1S0W_A_C_AC1142F;-2.10;ITF;SPR;15618400;
1JTG_A_B_GA238S;-2.68e-01;ITF;IASP;9891008;
1JTG_A_B_EA104K;4.23;ITF;IASP;9891008;
1JTG_A_B_SA235A;1.24;ITF;SPR;10772866;
1JTG_A_B_YB143A;3.82e-01;ITF;SPR;15618400;
1JTG_A_B_YA105A;-1.68e-01;ITF;SPR;15618400;
1JTG_A_B_QA99A;4.29e-01;ITF;SPR;17070843;
1JTG_A_B_NA100A;-4.56e-01;ITF;SPR;17070843;
1JTG_A_B_VA103A;1.91;ITF;SPR;17070843;
1JTG_A_B_PA107A;-3.83e-01;ITF;SPR;17070843;
1JTG_A_B_EA110A;4.06;ITF;SPR;17070843;
1JTG_A_B_MA129A;7.38e-01;ITF;SPR;17070843;
1JTG_A_B_EA168A;-7.25e-02;ITF;SPR;17070843;
1JTG_A_B_VA216A;-4.07e-01;ITF;SPR;17070843;
1JTG_A_B_FB36A;3.20;ITF;SPR;17070843;
1JTG_A_B_HB41A;3.25;ITF;SPR;17070843;
1JTG_A_B_YB50A;-4.07e-01;ITF;SPR;17070843;
1JTG_A_B_YB53A;2.08;ITF;SPR;17070843;
1JTG_A_B_SB71A;3.58e-01;ITF;SPR;17070843;
1JTG_A_B_WB112A;3.01;ITF;SPR;17070843;
1JTG_A_B_SB113A;-1.68e-01;ITF;SPR;17070843;
1JTG_A_B_HB148A;2.75;ITF;SPR;17070843;
1JTG_A_B_WB150A;4.25;ITF;SPR;17070843;
1JTG_A_B_RB160A;2.22;ITF;SPR;17070843;
1JTG_A_B_WB162A;2.34;ITF;SPR;17070843;
1JTG_A_B_TB32K;1.99e-01;NIF;SFFL;10876236;SFFL for kon, SPR for koff
1JTG_A_B_VB93K;-4.76e-01;NIF;SFFL;10876236;SFFL for kon, SPR for koff
1JTG_A_B_TB140K;-1.44e-02;ITF;SFFL;10876236;SFFL for kon, SPR for koff
1JTG_A_B_NB89K;-4.55e-01;NIF;SFFL;10876236;SFFL for kon, SPR for koff
1JTG_A_B_DB163A;-1.34;ITF;SFFL;10876236;SFFL for kon, SPR for koff
1JTG_A_B_DB163K;-1.98;ITF;SFFL;10876236;SFFL for kon, SPR for koff
1HE8_A_B_KA223V;4.67e-01;ITF;SFFL;11136978;
1H9D_A_B_RB3A;1.06;ITF;EMSA;10984496;
1H9D_A_B_VB4A;1.28;ITF;EMSA;10984496;
1H9D_A_B_GB61A;1.90;ITF;EMSA;10984496;
1H9D_A_B_QB67A;1.25;ITF;EMSA;10984496;
1H9D_A_B_LB103A;8.61e-01;ITF;EMSA;10984496;
1H9D_A_B_NB104A;2.11;ITF;EMSA;10984496;
1GRN_A_B_DA38E;3.90e-01;NIF;FL;9632678;
1GL1_A_I_LI30V;4.26;ITF;IASP;7592720;
1GL0_E_I_MI30K;-5.69e-01;ITF;IASP;7592720;
1FFW_A_B_DA13K;4.74e-02;NIF;FL;7592655;
1FFW_A_B_TA87I;-3.19e-01;NIF;FL;7592655;
1FFW_A_B_AA90V;9.13e-02;ITF;FL;7592655;
1FFW_A_B_EA93K;8.21e-01;NIF;FL;7592655;
1FFW_A_B_YA106W;7.13e-01;ITF;FL;7592655;
1FFW_A_B_VA108M;1.13;NIF;FL;7592655;
1FFW_A_B_FA111V;6.71;NIF;FL;7592655;
1FFW_A_B_TA112I;5.62e-01;NIF;FL;7592655;
1FFW_A_B_EA117K;7.13e-01;NIF;FL;7592655;
1FFW_A_B_EB171A;7.16e-01;ITF;FL;21642453;
1FFW_A_B_EB178A;6.39e-01;ITF;FL;21642453;
1FFW_A_B_HB181A;3.38e-02;ITF;FL;21642453;
1FFW_A_B_DB202A;-7.41e-02;ITF;FL;21642453;
1FFW_A_B_DB207A;9.62e-02;ITF;FL;21642453;
1FFW_A_B_CB213A;2.04e-01;ITF;FL;21642453;
1FFW_A_B_FB214A;3.64;ITF;FL;21642453;
1FFW_A_B_IB216A;4.28e-01;ITF;FL;21642453;
1FC2_C_D_YC133W;4.10e-01;ITF;FL;7716157;
1FC2_C_D_IC135W;3.14;NIF;FL;7716157;
1FC2_C_D_FC149W;0.00;NIF;FL;7716157;
1FC2_C_D_LC163W;0.00;NIF;FL;7716157;
1EAW_A_B_QA38A;-5.19e-01;ITF;FL;17475279;
1EAW_A_B_IA41A;-8.22e-01;ITF;FL;17475279;
1EAW_A_B_IA60A;-1.94e-01;ITF;FL;17475279;
1EAW_A_B_DA60aA;-1.72e-01;NIF;FL;17475279;
1EAW_A_B_DA60bA;1.50;ITF;FL;17475279;
1EAW_A_B_RA60cA;5.87e-01;ITF;FL;17475279;
1EAW_A_B_FA60eA;-4.29e-01;ITF;FL;17475279;
1EAW_A_B_RA60fA;2.31e-01;NIF;FL;17475279;
1EAW_A_B_YA60gA;-7.89e-02;ITF;FL;17475279;
1EAW_A_B_RA87A;-1.50e-01;NIF;FL;17475279;
1EAW_A_B_FA94A;7.28e-01;ITF;FL;17475279;
1EAW_A_B_NA95A;3.08e-01;NIF;FL;17475279;
1EAW_A_B_DA96A;6.54e-01;ITF;FL;17475279;
1EAW_A_B_FA97A;8.92e-01;ITF;FL;17475279;
1EAW_A_B_TA98A;2.55e-01;NIF;FL;17475279;
1EAW_A_B_HA143A;-1.45e-02;ITF;FL;17475279;
1EAW_A_B_QA145A;3.07e-01;NIF;FL;17475279;
1EAW_A_B_YA146A;5.02e-01;ITF;FL;17475279;
1EAW_A_B_TA150A;8.94e-02;ITF;FL;17475279;
1EAW_A_B_LA153A;5.02e-01;NIF;FL;17475279;
1EAW_A_B_EA169A;7.03e-01;NIF;FL;17475279;
1EAW_A_B_QA174A;5.65e-01;NIF;FL;17475279;
1EAW_A_B_QA175A;-1.33e-01;ITF;FL;17475279;
1EAW_A_B_DA217A;2.23;ITF;FL;17475279;
1EAW_A_B_QA221aA;1.44e-01;NIF;FL;17475279;
1EAW_A_B_RA222A;-8.85e-02;NIF;FL;17475279;
1EAW_A_B_KA224A;4.76e-01;NIF;FL;17475279;
2G2U_A_B_EB31A;6.51e-01;ITF;IASP;15284234;
2G2U_A_B_SB35A;-9.50e-01;ITF;IASP;15284234;
2G2U_A_B_FB36A;2.76;ITF;IASP;15284234;
2G2U_A_B_SB39A;-9.56e-01;ITF;IASP;15284234;
2G2U_A_B_HB41A;1.72;ITF;IASP;15284234;
2G2U_A_B_GB48A;-4.26e-01;ITF;IASP;15284234;
2G2U_A_B_YB50A;-2.07;ITF;IASP;15284234;
2G2U_A_B_YB51A;-6.28e-01;ITF;IASP;15284234;
2G2U_A_B_YB53A;2.30;ITF;IASP;15284234;
2G2U_A_B_SB71A;-5.12e-01;ITF;IASP;15284234;
2G2U_A_B_EB73A;-1.98;ITF;IASP;15284234;
2G2U_A_B_KB74A;-2.17e-01;ITF;IASP;15284234;
2G2U_A_B_WB112A;9.58e-01;ITF;IASP;15284234;
2G2U_A_B_SB113A;-6.12e-01;ITF;IASP;15284234;
2G2U_A_B_GB141A;-4.14e-01;ITF;IASP;15284234;
2G2U_A_B_FB142A;2.76e-01;ITF;IASP;15284234;
2G2U_A_B_YB143A;-1.85;ITF;IASP;15284234;
2G2U_A_B_RB144A;-3.42e-01;ITF;IASP;15284234;
2G2U_A_B_HB148A;1.12;ITF;IASP;15284234;
2G2U_A_B_WB150A;1.78;ITF;IASP;15284234;
2G2U_A_B_RB160A;6.69e-01;ITF;IASP;15284234;
2G2U_A_B_WB162A;5.31e-01;ITF;IASP;15284234;
2G2U_A_B_EB73M;-3.53;ITF;IASP;18775544;
2G2U_A_B_SB130K;-1.47;NIF;IASP;18775544;
2G2U_A_B_DA104K;-4.53e-01;ITF;IASP;16809340;
2G2W_A_B_KA104D;4.53e-01;ITF;IASP;16809340;
2FTL_E_I_GI12A;4.35;ITF;IASP;8784199;
2FTL_E_I_II18A;4.97;ITF;IASP;8784199;
2FTL_E_I_GI36A;4.89;ITF;IASP;8784199;
2FTL_E_I_KI15G;1.22e+01;ITF;IASP;10339415;
2FTL_E_I_KI15S;7.64;ITF;IASP;10339415;
2FTL_E_I_KI15V;1.16e+01;ITF;IASP;10339415;
2FTL_E_I_KI15T;1.05e+01;ITF;IASP;10339415;
2FTL_E_I_KI15D;1.14e+01;ITF;IASP;10339415;
2FTL_E_I_KI15N;7.95;ITF;IASP;10339415;
2FTL_E_I_KI15M;7.61;ITF;IASP;10339415;
2FTL_E_I_KI15I;1.11e+01;ITF;IASP;10339415;
2FTL_E_I_KI15L;8.77;ITF;IASP;10339415;
2FTL_E_I_KI15E;9.32;ITF;IASP;10339415;
2FTL_E_I_KI15Q;9.27;ITF;IASP;10339415;
2FTL_E_I_KI15H;8.69;ITF;IASP;10339415;
2FTL_E_I_KI15F;6.95;ITF;IASP;10339415;
2FTL_E_I_KI15Y;6.78;ITF;IASP;10339415;
2FTL_E_I_KI15W;8.57;ITF;IASP;10339415;
1A4Y_A_B_HB8A;9.04e-01;ITF;SFSP;9050852;
1A4Y_A_B_QB12A;3.00e-01;ITF;SFSP;9050852;
1A4Y_A_B_NB68A;1.18e-01;ITF;SFSP;9050852;
1A4Y_A_B_EB108A;-3.23e-01;ITF;SFSP;9050852;
1A4Y_A_B_YA434A;3.26;ITF;SFSP;9050852;
1A4Y_A_B_DA435A;3.48;ITF;SFSP;9050852;
1A4Y_A_B_YA437A;8.36e-01;ITF;SFSP;9050852;
1Z7X_W_X_YW434A;5.95;ITF;SFSP;9050852;
1Z7X_W_X_DW435A;3.66;ITF;SFSP;9050852;
1Z7X_W_X_YW437A;2.62;ITF;SFSP;9050852;
1Z7X_W_X_RW457A;8.48e-01;ITF;SFFL;10970748;
1Z7X_W_X_IW459A;3.37e-01;ITF;SFFL;10970748;
1A4Y_A_B_RA457A;-2.24e-01;ITF;SFFL;10970748;
1A4Y_A_B_IA459A;6.79e-01;ITF;SFFL;10970748;
1Z7X_W_X_EW206A;1.02;ITF;SFFL;10970748;
1Z7X_W_X_WW261A;1.34;ITF;SFFL;10970748;
1Z7X_W_X_WW263A;2.21;ITF;SFFL;10970748;
1Z7X_W_X_EW287A;1.32;ITF;SFFL;10970748;
1Z7X_W_X_SW289A;8.14e-01;ITF;SFFL;10970748;
1Z7X_W_X_WW318A;9.93e-01;ITF;SFFL;10970748;
1Z7X_W_X_KW320A;1.32;ITF;SFFL;10970748;
1Z7X_W_X_EW344A;1.56;ITF;SFFL;10970748;
1Z7X_W_X_WW375A;1.67;ITF;SFFL;10970748;
1Z7X_W_X_EW401A;1.31;ITF;SFFL;10970748;
1A4Y_A_B_HB84A;1.70e-01;ITF;SFFL;10970748;
1A4Y_A_B_WB89A;2.40e-01;ITF;SFFL;10970748;
1A4Y_A_B_WA261A;1.01e-01;ITF;SFFL;10970748;
1A4Y_A_B_WA263A;1.17;ITF;SFFL;10970748;
1A4Y_A_B_EA287A;1.01e-01;NIF;SFFL;10970748;
1A4Y_A_B_SA289A;4.23e-02;ITF;SFFL;10970748;
1A4Y_A_B_WA318A;1.50;ITF;SFFL;10970748;
1A4Y_A_B_KA320A;-3.10e-01;ITF;SFFL;10970748;
1A4Y_A_B_EA344A;1.79e-01;ITF;SFFL;10970748;
1A4Y_A_B_WA375A;1.03;ITF;SFFL;10970748;
1A4Y_A_B_EA401A;8.83e-01;ITF;SFFL;10970748;
1A4Y_A_B_RB5A;2.31;ITF;IASP;1281426;
1A4Y_A_B_RB32A;9.10e-01;ITF;IASP;1281426;
1A4Y_A_B_RB66A;2.03e-01;NIF;IASP;1281426;
1A4Y_A_B_RB70A;-2.32e-01;NIF;IASP;1281426;
1A4Y_A_B_RB31A;2.50e-01;ITF;IASP;1281426;
1A4Y_A_B_RB33A;3.27e-01;NIF;IASP;1281426;
1A4Y_A_B_KB40Q;4.25;ITF;SFFL;2742853;
1A4Y_A_B_HB13A;-2.97e-01;ITF;SFFL;2479414;
1A4Y_A_B_HB114A;6.57e-01;ITF;SFFL;2479414;
1A4Y_A_B_YA434F;5.58e-01;ITF;SFFL;10413501;
1A4Y_A_B_YA437F;2.45e-01;ITF;SFFL;10413501;
1A4Y_A_B_KB40G;3.24;ITF;SFFL;10413501;
1Z7X_W_X_YW434F;1.21e-01;ITF;SFFL;10413501;
1Z7X_W_X_YW437F;2.17;ITF;SFFL;10413501;
1A22_A_B_MA14A;0.00;NIF;SPR;7504735;
1A22_A_B_HA18A;-4.86e-01;ITF;SPR;7504735;
1A22_A_B_HA21A;1.55e-01;ITF;SPR;7504735;
1A22_A_B_QA22A;-2.20e-01;ITF;SPR;7504735;
1A22_A_B_DA26A;-2.11e-01;ITF;SPR;7504735;
1A22_A_B_QA29A;-5.89e-01;NIF;SPR;7504735;
1A22_A_B_YA42A;1.99e-01;ITF;SPR;7504735;
1A22_A_B_LA45A;1.22;ITF;SPR;7504735;
1A22_A_B_QA46A;1.08e-01;ITF;SPR;7504735;
1A22_A_B_PA48A;4.10e-01;ITF;SPR;7504735;
1A22_A_B_SA51A;3.48e-01;ITF;SPR;7504735;
1A22_A_B_EA56A;4.10e-01;ITF;SPR;7504735;
1A22_A_B_PA61A;1.21;ITF;SPR;7504735;
1A22_A_B_SA62A;1.55e-01;ITF;SPR;7504735;
1A22_A_B_NA63A;3.14e-01;ITF;SPR;7504735;
1A22_A_B_RA64A;1.64;ITF;SPR;7504735;
1A22_A_B_EA65A;-4.73e-01;ITF;SPR;7504735;
1A22_A_B_QA68A;5.88e-01;ITF;SPR;7504735;
1A22_A_B_YA164A;3.48e-01;ITF;SPR;7504735;
1A22_A_B_RA167A;2.78e-01;ITF;SPR;7504735;
1A22_A_B_KA168A;-1.55e-01;ITF;SPR;7504735;
1A22_A_B_DA171A;7.91e-01;ITF;SPR;7504735;
1A22_A_B_KA172A;2.01;ITF;SPR;7504735;
1A22_A_B_EA174A;-9.24e-01;ITF;SPR;7504735;
1A22_A_B_TA175A;1.91;ITF;SPR;7504735;
1A22_A_B_FA176A;4.10e-01;ITF;SPR;7504735;
1A22_A_B_RA178A;2.42;ITF;SPR;7504735;
1A22_A_B_IA179A;8.06e-01;ITF;SPR;7504735;
1A22_A_B_RA183A;5.43e-01;ITF;SPR;7504735;
1A22_A_B_EA186A;-1.20e-02;NIF;SPR;7504735;
1A22_A_B_SB419A;3.38e-02;ITF;SPR;9571026;
1A22_A_B_RB243L;5.21e-01;ITF;SPR;9571026;
1A22_A_B_RB243M;1.00;ITF;SPR;9571026;
1A22_A_B_RB239A;2.69e-01;NIF;IARA;2034689;
1A22_A_B_EB279A;-7.91e-02;NIF;IARA;2034689;
1A22_A_B_KB281A;1.44e-01;NIF;IARA;2034689;
1A22_A_B_EB282A;7.83e-01;NIF;IARA;2034689;
1A22_A_B_EB291A;1.78e-01;NIF;IARA;2034689;
1A22_A_B_KB310A;4.28e-02;NIF;IARA;2034689;
1A22_A_B_DB332A;1.09;NIF;IARA;2034689;
1A22_A_B_EB373A;8.28e-02;NIF;IARA;2034689;
1A22_A_B_EB375A;-7.91e-02;NIF;IARA;2034689;
1A22_A_B_KB379A;0.00;NIF;IARA;2034689;
1A22_A_B_EB380A;1.99e-01;NIF;IARA;2034689;
1A22_A_B_KB403A;2.40e-01;NIF;IARA;2034689;
1A22_A_B_DB405A;-4.62e-02;NIF;IARA;2034689;
1A22_A_B_KB406A;1.99e-01;NIF;IARA;2034689;
1A22_A_B_EB407A;-7.91e-02;NIF;IARA;2034689;
1A22_A_B_EB409A;-6.24e-02;NIF;IARA;2034689;
1A22_A_B_RB411A;5.64e-02;NIF;IARA;2034689;
1A22_A_B_RB413A;-1.90e-01;NIF;IARA;2034689;
1A22_A_B_EB424A;1.08e-01;NIF;IARA;2034689;
1A22_A_B_WB304F;2.78;ITF;IARA;2034689;
1A22_A_B_YB295A;1.99e-01;NIF;IARA;2034689;
1A22_A_B_PB241A;2.60e-01;NIF;IARA;2034689;
1A22_A_B_SB247A;-1.50e-02;NIF;IARA;2034689;
1A22_A_B_TB251A;6.97e-02;NIF;IARA;2034689;
1A22_A_B_QB278A;-4.10e-01;NIF;IARA;2034689;
1A22_A_B_NB297A;-2.55e-01;NIF;IARA;2034689;
1A22_A_B_SB299A;-5.07e-01;ITF;IARA;2034689;
1A22_A_B_FB300A;-1.50e-02;NIF;IARA;2034689;
1A22_A_B_VB325A;1.14;NIF;IARA;2034689;
1A22_A_B_IB328A;5.88e-01;NIF;IARA;2034689;
1A22_A_B_VB329A;-4.62e-02;NIF;IARA;2034689;
1A22_A_B_QB330A;-3.04e-02;NIF;IARA;2034689;
1A22_A_B_CB308A;0.00;ITF;RA;7529940;
1A22_A_B_CB322A;0.00;ITF;RA;7529940;
1A22_A_B_TA3A;-5.00e-02;NIF;RA;2471267;
1A22_A_B_IA4A;4.09e-01;NIF;RA;2471267;
1A22_A_B_PA5A;4.30e-01;NIF;RA;2471267;
1A22_A_B_LA6A;5.99e-01;NIF;RA;2471267;
1A22_A_B_SA7A;3.40e-01;NIF;RA;2471267;
1A22_A_B_RA8A;2.00e-01;NIF;RA;2471267;
1A22_A_B_LA9A;-4.01e-02;NIF;RA;2471267;
1A22_A_B_FA10A;1.04;NIF;RA;2471267;
1A22_A_B_NA12A;9.99e-02;NIF;RA;2471267;
1A22_A_B_LA15A;1.50e-01;NIF;RA;2471267;
1A22_A_B_RA16A;2.38e-01;NIF;RA;2471267;
1A22_A_B_RA19A;5.12e-02;NIF;RA;2471267;
1A22_A_B_FA54A;8.69e-01;NIF;RA;2471267;
1A22_A_B_SA55A;1.10e-01;NIF;RA;2471267;
1A22_A_B_SA57A;2.00e-01;NIF;RA;2471267;
1A22_A_B_IA58A;1.64;NIF;RA;2471267;
1A22_A_B_PA59A;3.80e-01;NIF;RA;2471267;
1A22_A_B_EA66A;4.30e-01;NIF;RA;2471267;
1A22_A_B_QA69A;-5.00e-02;NIF;RA;2471267;
1A22_A_B_KA70A;5.21e-01;NIF;RA;2471267;
1A22_A_B_SA71A;4.09e-01;NIF;RA;2471267;
1A22_A_B_LA73A;-2.00e-01;NIF;RA;2471267;
1A22_A_B_VA180A;0.00;NIF;RA;2471267;
1A22_A_B_QA181A;2.70e-01;NIF;RA;2471267;
1A22_A_B_CA182A;1.01;ITF;RA;2471267;
1A22_A_B_SA184A;-5.00e-02;NIF;RA;2471267;
1A22_A_B_VA185A;8.69e-01;NIF;RA;2471267;
1A22_A_B_GA187A;3.40e-01;NIF;RA;2471267;
1A22_A_B_SA188A;-2.00e-01;NIF;RA;2471267;
1A22_A_B_FA191A;1.91e-01;ITF;RA;2471267;
1F47_A_B_DA4A;6.91e-01;ITF;SPR;10880432;
1F47_A_B_YA5A;8.69e-01;ITF;SPR;10880432;
1F47_A_B_LA6A;9.25e-01;ITF;SPR;10880432;
1F47_A_B_DA7A;1.73;ITF;SPR;10880432;
1F47_A_B_IA8A;2.52;ITF;SPR;10880432;
1F47_A_B_PA9A;-5.75e-02;ITF;SPR;10880432;
1F47_A_B_FA11A;2.44;ITF;SPR;10880432;
1F47_A_B_LA12A;2.29;ITF;SPR;10880432;
1F47_A_B_KA14A;-4.26e-02;ITF;SPR;10880432;
1F47_A_B_QA15A;-4.56e-02;ITF;SPR;10880432;
1F47_A_B_DA7S;2.06;ITF;FL;11278571;
1F47_A_B_DA7G;1.14;ITF;FL;11278571;
1FCC_A_C_TC25A;2.40e-01;ITF;FL;10452608;
1FCC_A_C_KC28A;1.26;ITF;FL;10452608;
1FCC_A_C_KC31A;3.48;ITF;FL;10452608;
1FCC_A_C_NC35A;2.36;ITF;FL;10452608;
1FCC_A_C_DC40A;2.72e-01;ITF;FL;10452608;
1FCC_A_C_EC42A;3.85e-01;ITF;FL;10452608;
1FCC_A_C_WC43A;3.77;ITF;FL;10452608;
1GC1_G_C_KC1A;6.24e-02;NIF;RA;2402498;
1GC1_G_C_KC2A;-1.67e-02;NIF;RA;2402498;
1GC1_G_C_KC7A;9.97e-01;NIF;RA;2402498;
1GC1_G_C_KC8A;1.05e-01;NIF;RA;2402498;
1GC1_G_C_DC10A;0.00;NIF;RA;2402498;
1GC1_G_C_TC11A;0.00;NIF;RA;2402498;
1GC1_G_C_TC15A;3.22e-01;NIF;RA;2402498;
1GC1_G_C_TC17A;-1.28e-01;NIF;RA;2402498;
1GC1_G_C_SC19A;0.00;NIF;RA;2402498;
1GC1_G_C_QC20A;-1.67e-02;NIF;RA;2402498;
1GC1_G_C_KC21A;-1.28e-01;NIF;RA;2402498;
1GC1_G_C_KC22A;2.40e-01;NIF;RA;2402498;
1GC1_G_C_SC23A;2.93e-01;ITF;RA;2402498;
1GC1_G_C_QC25A;3.20e-02;ITF;RA;2402498;
1GC1_G_C_HC27A;2.82e-01;ITF;RA;2402498;
1GC1_G_C_KC29A;5.36e-01;ITF;RA;2402498;
1GC1_G_C_NC30A;1.70e-01;NIF;RA;2402498;
1GC1_G_C_SC31A;1.05e-01;NIF;RA;2402498;
1GC1_G_C_NC32A;1.83e-01;ITF;RA;2402498;
1GC1_G_C_QC33A;1.05e-01;ITF;RA;2402498;
1GC1_G_C_KC35A;3.22e-01;ITF;RA;2402498;
1GC1_G_C_NC39A;4.65e-01;NIF;RA;2402498;
1GC1_G_C_QC40A;-4.10e-01;ITF;RA;2402498;
1GC1_G_C_SC42A;0.00;ITF;RA;2402498;
1GC1_G_C_LC44A;1.06;ITF;RA;2402498;
1GC1_G_C_TC45A;-1.49e-01;ITF;RA;2402498;
1GC1_G_C_KC46A;1.43;ITF;RA;2402498;
1GC1_G_C_SC49A;6.11e-01;NIF;RA;2402498;
1GC1_G_C_KC50A;4.74e-02;NIF;RA;2402498;
1GC1_G_C_LC51A;1.23;NIF;RA;2402498;
1GC1_G_C_NC52A;7.08e-01;ITF;RA;2402498;
1GC1_G_C_DC53A;3.03e-01;NIF;RA;2402498;
1GC1_G_C_DC56A;-6.97e-02;NIF;RA;2402498;
1GC1_G_C_RC58A;1.32e-01;NIF;RA;2402498;
1GC1_G_C_RC59A;1.18;ITF;RA;2402498;
1GC1_G_C_SC60A;-8.86e-02;ITF;RA;2402498;
1GC1_G_C_DC63A;-3.19e-01;ITF;RA;2402498;
1GC1_G_C_QC64A;4.42e-01;ITF;RA;2402498;
1GC1_G_C_NC66A;-3.38e-02;NIF;RA;2402498;
1GC1_G_C_KC72A;-1.67e-02;NIF;RA;2402498;
1GC1_G_C_NC73A;-1.08e-01;NIF;RA;2402498;
1GC1_G_C_KC75A;1.58e-01;NIF;RA;2402498;
1GC1_G_C_EC77A;5.62e-01;NIF;RA;2402498;
1GC1_G_C_YC82A;1.29;NIF;RA;2402498;
1GC1_G_C_EC85A;1.32;ITF;RA;2402498;
1GC1_G_C_VC86A;-6.97e-02;NIF;RA;2402498;
1GC1_G_C_EC87A;2.18e-01;NIF;RA;2402498;
1GC1_G_C_DC88A;-6.97e-02;NIF;RA;2402498;
1GC1_G_C_QC89A;1.70e-01;NIF;RA;2402498;
1GC1_G_C_KC90A;4.74e-02;NIF;RA;2402498;
1GC1_G_C_EC91A;-1.28e-01;NIF;RA;2402498;
1GC1_G_C_EC92A;1.62e-02;NIF;RA;2402498;
1GC1_G_C_QC94A;-1.08e-01;NIF;RA;2402498;
1GC1_G_C_QC89L;-3.11e-01;NIF;RA;2402498;
1PPF_E_I_LI18G;3.29;ITF;SP;9047374;
1PPF_E_I_LI18S;3.05;ITF;SP;9047374;
1PPF_E_I_LI18C;-8.83e-02;ITF;SP;9047374;
1PPF_E_I_LI18V;-4.86e-01;ITF;SP;9047374;
1PPF_E_I_LI18T;9.03e-01;ITF;SP;9047374;
1PPF_E_I_LI18P;6.06;ITF;SP;9047374;
1PPF_E_I_LI18I;-7.23e-01;ITF;SP;9047374;
1PPF_E_I_LI18N;5.15;ITF;SP;9047374;
1PPF_E_I_LI18D;7.51;ITF;SP;9047374;
1PPF_E_I_LI18H;6.38;ITF;SP;9047374;
1PPF_E_I_LI18F;5.10;ITF;SP;9047374;
1PPF_E_I_LI18R;7.08;ITF;SP;9047374;
1PPF_E_I_LI18Y;6.54;ITF;SP;9047374;
1PPF_E_I_LI18W;7.44;ITF;SP;9047374;
1R0R_E_I_LI18G;2.32;ITF;SP;9047374;
1R0R_E_I_LI18S;1.55;ITF;SP;9047374;
1R0R_E_I_LI18C;-1.33;ITF;SP;9047374;
1R0R_E_I_LI18V;2.13;ITF;SP;9047374;
1R0R_E_I_LI18T;1.58e-01;ITF;SP;9047374;
1R0R_E_I_LI18P;7.58;ITF;SP;9047374;
1R0R_E_I_LI18I;3.21;ITF;SP;9047374;
1R0R_E_I_LI18N;1.48;ITF;SP;9047374;
1R0R_E_I_LI18D;4.48;ITF;SP;9047374;
1R0R_E_I_LI18H;5.62e-01;ITF;SP;9047374;
1R0R_E_I_LI18F;6.08e-01;ITF;SP;9047374;
1R0R_E_I_LI18R;2.89;ITF;SP;9047374;
1R0R_E_I_LI18Y;4.41e-01;ITF;SP;9047374;
1R0R_E_I_LI18W;1.50;ITF;SP;9047374;
3SGB_E_I_LI18G;4.93;ITF;SP;9047374;
3SGB_E_I_LI18S;4.10;ITF;SP;9047374;
3SGB_E_I_LI18C;-1.32e-02;ITF;SP;9047374;
3SGB_E_I_LI18V;3.00;ITF;SP;9047374;
3SGB_E_I_LI18T;3.16;ITF;SP;9047374;
3SGB_E_I_LI18P;8.33;ITF;SP;9047374;
3SGB_E_I_LI18I;4.42;ITF;SP;9047374;
3SGB_E_I_LI18N;3.35;ITF;SP;9047374;
3SGB_E_I_LI18D;5.59;ITF;SP;9047374;
3SGB_E_I_LI18K;3.14;ITF;SP;9047374;
3SGB_E_I_LI18H;1.69;ITF;SP;9047374;
3SGB_E_I_LI18F;1.35;ITF;SP;9047374;
3SGB_E_I_LI18R;3.32;ITF;SP;9047374;
3SGB_E_I_LI18Y;1.65;ITF;SP;9047374;
3SGB_E_I_LI18W;1.84;ITF;SP;9047374;
1PPF_E_I_AI15G;1.12;ITF;SP;11171964;
1PPF_E_I_AI15S;7.46e-01;ITF;SP;11171964;
1PPF_E_I_AI15C;-6.64e-01;ITF;SP;11171964;
1PPF_E_I_AI15T;9.49e-01;ITF;SP;11171964;
1PPF_E_I_AI15P;1.97;ITF;SP;11171964;
1PPF_E_I_AI15L;1.75e-02;ITF;SP;11171964;
1PPF_E_I_AI15I;3.25e-01;ITF;SP;11171964;
1PPF_E_I_AI15M;-3.96e-01;ITF;SP;11171964;
1PPF_E_I_AI15N;9.03e-01;ITF;SP;11171964;
1PPF_E_I_AI15D;1.12;ITF;SP;11171964;
1PPF_E_I_AI15K;1.11;ITF;SP;11171964;
1PPF_E_I_AI15Q;2.46e-01;ITF;SP;11171964;
1PPF_E_I_AI15E;1.04e-01;ITF;SP;11171964;
1PPF_E_I_AI15H;5.45e-01;ITF;SP;11171964;
1PPF_E_I_AI15F;-7.19e-02;ITF;SP;11171964;
1PPF_E_I_AI15R;-2.61e-01;ITF;SP;11171964;
1PPF_E_I_AI15Y;-1.83e-01;ITF;SP;11171964;
1PPF_E_I_AI15W;-6.32e-01;ITF;SP;11171964;
1R0R_E_I_AI15G;1.10;ITF;SP;11171964;
1R0R_E_I_AI15S;1.72;ITF;SP;11171964;
1R0R_E_I_AI15C;-4.77e-01;ITF;SP;11171964;
1R0R_E_I_AI15T;1.25;ITF;SP;11171964;
1R0R_E_I_AI15P;3.30;ITF;SP;11171964;
1R0R_E_I_AI15L;-1.73;ITF;SP;11171964;
1R0R_E_I_AI15I;-1.77;ITF;SP;11171964;
1R0R_E_I_AI15M;-1.72;ITF;SP;11171964;
1R0R_E_I_AI15N;2.07;ITF;SP;11171964;
1R0R_E_I_AI15D;5.16;ITF;SP;11171964;
1R0R_E_I_AI15K;3.03;ITF;SP;11171964;
1R0R_E_I_AI15Q;1.79;ITF;SP;11171964;
1R0R_E_I_AI15E;4.51;ITF;SP;11171964;
1R0R_E_I_AI15H;1.75;ITF;SP;11171964;
1R0R_E_I_AI15F;-2.21;ITF;SP;11171964;
1R0R_E_I_AI15R;5.45;ITF;SP;11171964;
1R0R_E_I_AI15Y;-8.27e-01;ITF;SP;11171964;
1R0R_E_I_AI15W;2.04e-01;ITF;SP;11171964;
3SGB_E_I_AI15G;2.45;ITF;SP;11171964;
3SGB_E_I_AI15S;8.98e-01;ITF;SP;11171964;
3SGB_E_I_AI15C;4.10e-02;ITF;SP;11171964;
3SGB_E_I_AI15T;3.26e-01;ITF;SP;11171964;
3SGB_E_I_AI15P;5.45e-01;ITF;SP;11171964;
3SGB_E_I_AI15L;1.66e-01;ITF;SP;11171964;
3SGB_E_I_AI15I;-4.47e-01;ITF;SP;11171964;
3SGB_E_I_AI15M;8.77e-02;ITF;SP;11171964;
3SGB_E_I_AI15N;-8.79e-02;ITF;SP;11171964;
3SGB_E_I_AI15D;4.70e-01;ITF;SP;11171964;
3SGB_E_I_AI15K;2.46;ITF;SP;11171964;
3SGB_E_I_AI15Q;4.24e-01;ITF;SP;11171964;
3SGB_E_I_AI15E;6.62e-01;ITF;SP;11171964;
3SGB_E_I_AI15H;-4.47e-01;ITF;SP;11171964;
3SGB_E_I_AI15F;-1.16;ITF;SP;11171964;
3SGB_E_I_AI15R;2.01;ITF;SP;11171964;
3SGB_E_I_AI15Y;-1.62;ITF;SP;11171964;
3SGB_E_I_AI15W;-1.53;ITF;SP;11171964;
1PPF_E_I_TI17G;3.55;ITF;SP;11171964;
1PPF_E_I_TI17C;2.06;ITF;SP;11171964;
1PPF_E_I_TI17P;3.03;ITF;SP;11171964;
1PPF_E_I_TI17L;2.25;ITF;SP;11171964;
1PPF_E_I_TI17I;1.47;ITF;SP;11171964;
1PPF_E_I_TI17M;2.47;ITF;SP;11171964;
1PPF_E_I_TI17N;2.66;ITF;SP;11171964;
1PPF_E_I_TI17D;4.86;ITF;SP;11171964;
1PPF_E_I_TI17K;3.34;ITF;SP;11171964;
1PPF_E_I_TI17Q;1.94;ITF;SP;11171964;
1PPF_E_I_TI17H;1.67;ITF;SP;11171964;
1PPF_E_I_TI17F;1.69;ITF;SP;11171964;
1PPF_E_I_TI17R;3.40;ITF;SP;11171964;
1PPF_E_I_TI17Y;2.45;ITF;SP;11171964;
1PPF_E_I_TI17W;2.16;ITF;SP;11171964;
1R0R_E_I_TI17G;3.10;ITF;SP;11171964;
1R0R_E_I_TI17C;8.02e-01;ITF;SP;11171964;
1R0R_E_I_TI17P;4.88;ITF;SP;11171964;
1R0R_E_I_TI17L;6.59e-01;ITF;SP;11171964;
1R0R_E_I_TI17I;2.55e-01;ITF;SP;11171964;
1R0R_E_I_TI17M;1.31;ITF;SP;11171964;
1R0R_E_I_TI17N;1.76e-02;ITF;SP;11171964;
1R0R_E_I_TI17D;2.85;ITF;SP;11171964;
1R0R_E_I_TI17K;1.91;ITF;SP;11171964;
1R0R_E_I_TI17Q;2.19;ITF;SP;11171964;
1R0R_E_I_TI17H;5.18e-01;ITF;SP;11171964;
1R0R_E_I_TI17F;-6.51e-02;ITF;SP;11171964;
1R0R_E_I_TI17R;3.30;ITF;SP;11171964;
1R0R_E_I_TI17Y;-8.67e-01;ITF;SP;11171964;
1R0R_E_I_TI17W;2.89;ITF;SP;11171964;
3SGB_E_I_TI17G;5.51;ITF;SP;11171964;
3SGB_E_I_TI17C;2.89;ITF;SP;11171964;
3SGB_E_I_TI17P;3.14;ITF;SP;11171964;
3SGB_E_I_TI17L;2.44;ITF;SP;11171964;
3SGB_E_I_TI17I;1.73;ITF;SP;11171964;
3SGB_E_I_TI17M;2.01;ITF;SP;11171964;
3SGB_E_I_TI17N;3.21;ITF;SP;11171964;
3SGB_E_I_TI17D;4.89;ITF;SP;11171964;
3SGB_E_I_TI17K;2.01;ITF;SP;11171964;
3SGB_E_I_TI17Q;2.90;ITF;SP;11171964;
3SGB_E_I_TI17H;3.46;ITF;SP;11171964;
3SGB_E_I_TI17F;3.59;ITF;SP;11171964;
3SGB_E_I_TI17R;1.95;ITF;SP;11171964;
3SGB_E_I_TI17Y;3.32;ITF;SP;11171964;
3SGB_E_I_TI17W;3.00;ITF;SP;11171964;
1PPF_E_I_EI19G;2.09;ITF;SP;11171964;
1PPF_E_I_EI19A;1.19;ITF;SP;11171964;
1PPF_E_I_EI19S;1.82;ITF;SP;11171964;
1PPF_E_I_EI19C;1.38;ITF;SP;11171964;
1PPF_E_I_EI19V;1.14;ITF;SP;11171964;
1PPF_E_I_EI19T;1.48;ITF;SP;11171964;
1PPF_E_I_EI19P;3.17;ITF;SP;11171964;
1PPF_E_I_EI19L;1.06;ITF;SP;11171964;
1PPF_E_I_EI19I;7.13e-01;ITF;SP;11171964;
1PPF_E_I_EI19M;1.13;ITF;SP;11171964;
1PPF_E_I_EI19N;1.20;ITF;SP;11171964;
1PPF_E_I_EI19D;5.70e-01;ITF;SP;11171964;
1PPF_E_I_EI19K;2.09;ITF;SP;11171964;
1PPF_E_I_EI19Q;6.51e-01;ITF;SP;11171964;
1PPF_E_I_EI19H;6.81e-01;ITF;SP;11171964;
1PPF_E_I_EI19F;1.35;ITF;SP;11171964;
1PPF_E_I_EI19R;1.45;ITF;SP;11171964;
1PPF_E_I_EI19Y;1.23;ITF;SP;11171964;
1PPF_E_I_EI19W;1.51;ITF;SP;11171964;
1R0R_E_I_EI19G;2.67;ITF;SP;11171964;
1R0R_E_I_EI19A;2.06;ITF;SP;11171964;
1R0R_E_I_EI19S;3.13;ITF;SP;11171964;
1R0R_E_I_EI19C;2.34;ITF;SP;11171964;
1R0R_E_I_EI19V;9.35e-02;ITF;SP;11171964;
1R0R_E_I_EI19T;4.19;ITF;SP;11171964;
1R0R_E_I_EI19P;3.71;ITF;SP;11171964;
1R0R_E_I_EI19L;5.62e-01;ITF;SP;11171964;
1R0R_E_I_EI19I;7.27e-01;ITF;SP;11171964;
1R0R_E_I_EI19M;1.55;ITF;SP;11171964;
1R0R_E_I_EI19N;2.09;ITF;SP;11171964;
1R0R_E_I_EI19D;2.55e-01;ITF;SP;11171964;
1R0R_E_I_EI19K;2.67;ITF;SP;11171964;
1R0R_E_I_EI19Q;1.26;ITF;SP;11171964;
1R0R_E_I_EI19H;1.69;ITF;SP;11171964;
1R0R_E_I_EI19F;3.57;ITF;SP;11171964;
1R0R_E_I_EI19R;2.07;ITF;SP;11171964;
1R0R_E_I_EI19Y;1.86;ITF;SP;11171964;
1R0R_E_I_EI19W;1.82;ITF;SP;11171964;
3SGB_E_I_EI19G;2.08;ITF;SP;11171964;
3SGB_E_I_EI19A;1.01;ITF;SP;11171964;
3SGB_E_I_EI19S;1.92;ITF;SP;11171964;
3SGB_E_I_EI19C;1.16;ITF;SP;11171964;
3SGB_E_I_EI19V;1.26e-01;ITF;SP;11171964;
3SGB_E_I_EI19T;2.11;ITF;SP;11171964;
3SGB_E_I_EI19P;2.24;ITF;SP;11171964;
3SGB_E_I_EI19L;7.69e-01;ITF;SP;11171964;
3SGB_E_I_EI19I;-6.15e-01;ITF;SP;11171964;
3SGB_E_I_EI19M;-1.87e-01;ITF;SP;11171964;
3SGB_E_I_EI19N;1.09;ITF;SP;11171964;
3SGB_E_I_EI19D;5.45e-01;ITF;SP;11171964;
3SGB_E_I_EI19K;1.66e-01;ITF;SP;11171964;
3SGB_E_I_EI19Q;1.81e-01;ITF;SP;11171964;
3SGB_E_I_EI19H;5.19e-01;ITF;SP;11171964;
3SGB_E_I_EI19F;1.92;ITF;SP;11171964;
3SGB_E_I_EI19R;1.26;ITF;SP;11171964;
3SGB_E_I_EI19Y;7.69e-01;ITF;SP;11171964;
3SGB_E_I_EI19W;1.53;ITF;SP;11171964;
1PPF_E_I_YI20G;4.13;ITF;SP;11171964;
1PPF_E_I_YI20A;3.17;ITF;SP;11171964;
1PPF_E_I_YI20S;3.59;ITF;SP;11171964;
1PPF_E_I_YI20C;3.40;ITF;SP;11171964;
1PPF_E_I_YI20V;4.13;ITF;SP;11171964;
1PPF_E_I_YI20T;4.99;ITF;SP;11171964;
1PPF_E_I_YI20P;5.29;ITF;SP;11171964;
1PPF_E_I_YI20L;1.36;ITF;SP;11171964;
1PPF_E_I_YI20I;3.88;ITF;SP;11171964;
1PPF_E_I_YI20M;2.77;ITF;SP;11171964;
1PPF_E_I_YI20N;3.59;ITF;SP;11171964;
1PPF_E_I_YI20D;6.33;ITF;SP;11171964;
1PPF_E_I_YI20K;4.43;ITF;SP;11171964;
1PPF_E_I_YI20Q;4.63;ITF;SP;11171964;
1PPF_E_I_YI20E;6.33;ITF;SP;11171964;
1PPF_E_I_YI20F;4.75e-01;ITF;SP;11171964;
1PPF_E_I_YI20R;4.31;ITF;SP;11171964;
1PPF_E_I_YI20W;2.32e-01;ITF;SP;11171964;
1R0R_E_I_YI20G;6.31;ITF;SP;11171964;
1R0R_E_I_YI20A;5.40;ITF;SP;11171964;
1R0R_E_I_YI20S;5.09;ITF;SP;11171964;
1R0R_E_I_YI20C;3.21;ITF;SP;11171964;
1R0R_E_I_YI20V;3.46;ITF;SP;11171964;
1R0R_E_I_YI20T;5.40;ITF;SP;11171964;
1R0R_E_I_YI20P;6.56;ITF;SP;11171964;
1R0R_E_I_YI20L;2.54;ITF;SP;11171964;
1R0R_E_I_YI20I;2.82;ITF;SP;11171964;
1R0R_E_I_YI20M;3.10;ITF;SP;11171964;
1R0R_E_I_YI20N;5.54;ITF;SP;11171964;
1R0R_E_I_YI20K;5.44;ITF;SP;11171964;
1R0R_E_I_YI20Q;4.44;ITF;SP;11171964;
1R0R_E_I_YI20E;4.55;ITF;SP;11171964;
1R0R_E_I_YI20F;6.08e-01;ITF;SP;11171964;
1R0R_E_I_YI20R;4.41;ITF;SP;11171964;
1R0R_E_I_YI20W;-3.59e-01;ITF;SP;11171964;
3SGB_E_I_YI20G;2.80;ITF;SP;11171964;
3SGB_E_I_YI20A;1.92;ITF;SP;11171964;
3SGB_E_I_YI20S;2.01;ITF;SP;11171964;
3SGB_E_I_YI20C;1.67;ITF;SP;11171964;
3SGB_E_I_YI20V;4.36;ITF;SP;11171964;
3SGB_E_I_YI20T;4.80;ITF;SP;11171964;
3SGB_E_I_YI20P;6.19;ITF;SP;11171964;
3SGB_E_I_YI20L;1.55;ITF;SP;11171964;
3SGB_E_I_YI20I;3.54;ITF;SP;11171964;
3SGB_E_I_YI20M;1.98;ITF;SP;11171964;
3SGB_E_I_YI20N;3.11;ITF;SP;11171964;
3SGB_E_I_YI20K;3.39;ITF;SP;11171964;
3SGB_E_I_YI20Q;3.24;ITF;SP;11171964;
3SGB_E_I_YI20E;2.01;ITF;SP;11171964;
3SGB_E_I_YI20F;1.66e-01;ITF;SP;11171964;
3SGB_E_I_YI20R;2.72;ITF;SP;11171964;
3SGB_E_I_YI20W;3.83e-01;ITF;SP;11171964;
1PPF_E_I_RI21G;5.70e-01;ITF;SP;11171964;
1PPF_E_I_RI21A;2.05e-01;ITF;SP;11171964;
1PPF_E_I_RI21S;4.14e-01;ITF;SP;11171964;
1PPF_E_I_RI21C;-8.01e-02;ITF;SP;11171964;
1PPF_E_I_RI21V;-3.45e-01;ITF;SP;11171964;
1PPF_E_I_RI21T;-1.81e-02;ITF;SP;11171964;
1PPF_E_I_RI21P;6.61;ITF;SP;11171964;
1PPF_E_I_RI21L;-8.47e-01;ITF;SP;11171964;
1PPF_E_I_RI21I;-8.00e-01;ITF;SP;11171964;
1PPF_E_I_RI21M;-7.49e-01;ITF;SP;11171964;
1PPF_E_I_RI21N;3.25e-01;ITF;SP;11171964;
1PPF_E_I_RI21D;2.05e-01;ITF;SP;11171964;
1PPF_E_I_RI21K;5.96e-01;ITF;SP;11171964;
1PPF_E_I_RI21Q;-1.81e-02;ITF;SP;11171964;
1PPF_E_I_RI21E;4.54e-01;ITF;SP;11171964;
1PPF_E_I_RI21H;-4.86e-01;ITF;SP;11171964;
1PPF_E_I_RI21F;-9.68e-01;ITF;SP;11171964;
1PPF_E_I_RI21Y;2.18e-01;ITF;SP;11171964;
1PPF_E_I_RI21W;-5.26e-01;ITF;SP;11171964;
1R0R_E_I_RI21G;2.06;ITF;SP;11171964;
1R0R_E_I_RI21A;-9.47e-02;ITF;SP;11171964;
1R0R_E_I_RI21S;-1.61e-02;ITF;SP;11171964;
1R0R_E_I_RI21C;1.13e-01;ITF;SP;11171964;
1R0R_E_I_RI21V;1.13e-01;ITF;SP;11171964;
1R0R_E_I_RI21T;3.40e-01;ITF;SP;11171964;
1R0R_E_I_RI21P;7.29;ITF;SP;11171964;
1R0R_E_I_RI21L;2.29e-01;ITF;SP;11171964;
1R0R_E_I_RI21I;2.04e-01;ITF;SP;11171964;
1R0R_E_I_RI21M;4.41e-01;ITF;SP;11171964;
1R0R_E_I_RI21N;-4.98e-02;ITF;SP;11171964;
1R0R_E_I_RI21D;-1.77e-01;ITF;SP;11171964;
1R0R_E_I_RI21K;-9.47e-02;ITF;SP;11171964;
1R0R_E_I_RI21Q;1.80e-01;ITF;SP;11171964;
1R0R_E_I_RI21E;3.40e-01;ITF;SP;11171964;
1R0R_E_I_RI21H;5.18e-01;ITF;SP;11171964;
1R0R_E_I_RI21F;4.41e-01;ITF;SP;11171964;
1R0R_E_I_RI21Y;8.12e-01;ITF;SP;11171964;
1R0R_E_I_RI21W;9.32e-01;ITF;SP;11171964;
3SGB_E_I_RI21G;1.09;ITF;SP;11171964;
3SGB_E_I_RI21A;5.30e-02;ITF;SP;11171964;
3SGB_E_I_RI21S;2.74e-01;ITF;SP;11171964;
3SGB_E_I_RI21C;5.45e-01;ITF;SP;11171964;
3SGB_E_I_RI21V;-2.33e-02;ITF;SP;11171964;
3SGB_E_I_RI21T;4.47e-01;ITF;SP;11171964;
3SGB_E_I_RI21P;7.58;ITF;SP;11171964;
3SGB_E_I_RI21L;2.25e-01;ITF;SP;11171964;
3SGB_E_I_RI21I;2.40e-01;ITF;SP;11171964;
3SGB_E_I_RI21M;1.26e-01;ITF;SP;11171964;
3SGB_E_I_RI21N;3.26e-01;ITF;SP;11171964;
3SGB_E_I_RI21D;6.30e-01;ITF;SP;11171964;
3SGB_E_I_RI21K;-2.74e-01;ITF;SP;11171964;
3SGB_E_I_RI21Q;4.10e-02;ITF;SP;11171964;
3SGB_E_I_RI21E;6.62e-01;ITF;SP;11171964;
3SGB_E_I_RI21H;4.47e-01;ITF;SP;11171964;
3SGB_E_I_RI21F;2.25e-01;ITF;SP;11171964;
3SGB_E_I_RI21Y;2.90e-01;ITF;SP;11171964;
3SGB_E_I_RI21W;3.08e-01;ITF;SP;11171964;
1PPF_E_I_PI14G;9.21e-02;ITF;SP;11171964;
1PPF_E_I_PI14A;-1.22e-01;ITF;SP;11171964;
1PPF_E_I_PI14S;-5.64e-01;ITF;SP;11171964;
1PPF_E_I_PI14C;-1.98;ITF;SP;11171964;
1PPF_E_I_PI14V;-1.50;ITF;SP;11171964;
1PPF_E_I_PI14T;-2.61e-01;ITF;SP;11171964;
1PPF_E_I_PI14L;-2.88;ITF;SP;11171964;
1PPF_E_I_PI14I;-1.63;ITF;SP;11171964;
1PPF_E_I_PI14M;-1.55;ITF;SP;11171964;
1PPF_E_I_PI14N;-6.32e-01;ITF;SP;11171964;
1PPF_E_I_PI14D;-4.86e-01;ITF;SP;11171964;
1PPF_E_I_PI14K;-4.42e-01;ITF;SP;11171964;
1PPF_E_I_PI14Q;-8.00e-01;ITF;SP;11171964;
1PPF_E_I_PI14E;-1.41;ITF;SP;11171964;
1PPF_E_I_PI14H;-1.74;ITF;SP;11171964;
1PPF_E_I_PI14F;-1.83;ITF;SP;11171964;
1PPF_E_I_PI14R;-1.36e-01;ITF;SP;11171964;
1PPF_E_I_PI14Y;-9.49e-01;ITF;SP;11171964;
1PPF_E_I_PI14W;-1.98;ITF;SP;11171964;
1R0R_E_I_PI14G;-3.41e-01;ITF;SP;11171964;
1R0R_E_I_PI14A;-6.30e-01;ITF;SP;11171964;
1R0R_E_I_PI14S;1.34e-01;ITF;SP;11171964;
1R0R_E_I_PI14C;-9.73e-01;ITF;SP;11171964;
1R0R_E_I_PI14V;1.31;ITF;SP;11171964;
1R0R_E_I_PI14T;1.18;ITF;SP;11171964;
1R0R_E_I_PI14L;1.17;ITF;SP;11171964;
1R0R_E_I_PI14I;1.72;ITF;SP;11171964;
1R0R_E_I_PI14M;-3.27e-02;ITF;SP;11171964;
1R0R_E_I_PI14N;-9.05e-01;ITF;SP;11171964;
1R0R_E_I_PI14D;-2.49;ITF;SP;11171964;
1R0R_E_I_PI14K;3.40e-01;ITF;SP;11171964;
1R0R_E_I_PI14Q;-1.40;ITF;SP;11171964;
1R0R_E_I_PI14E;-2.21;ITF;SP;11171964;
1R0R_E_I_PI14H;-2.14e-01;ITF;SP;11171964;
1R0R_E_I_PI14F;1.36;ITF;SP;11171964;
1R0R_E_I_PI14R;1.09;ITF;SP;11171964;
1R0R_E_I_PI14Y;8.46e-01;ITF;SP;11171964;
1R0R_E_I_PI14W;4.79e-01;ITF;SP;11171964;
3SGB_E_I_PI14G;5.30e-02;ITF;SP;11171964;
3SGB_E_I_PI14A;-1.87e-01;ITF;SP;11171964;
3SGB_E_I_PI14S;6.48e-02;ITF;SP;11171964;
3SGB_E_I_PI14C;-3.23e-01;ITF;SP;11171964;
3SGB_E_I_PI14V;-3.06e-01;ITF;SP;11171964;
3SGB_E_I_PI14T;-1.07e-01;ITF;SP;11171964;
3SGB_E_I_PI14L;-1.39e-01;ITF;SP;11171964;
3SGB_E_I_PI14I;-2.33e-02;ITF;SP;11171964;
3SGB_E_I_PI14M;-4.94e-01;ITF;SP;11171964;
3SGB_E_I_PI14N;-1.23e-01;ITF;SP;11171964;
3SGB_E_I_PI14D;-1.02;ITF;SP;11171964;
3SGB_E_I_PI14K;1.12e-01;ITF;SP;11171964;
3SGB_E_I_PI14Q;-3.12e-01;ITF;SP;11171964;
3SGB_E_I_PI14E;-6.15e-01;ITF;SP;11171964;
3SGB_E_I_PI14H;2.74e-01;ITF;SP;11171964;
3SGB_E_I_PI14F;-3.40e-01;ITF;SP;11171964;
3SGB_E_I_PI14R;3.08e-01;ITF;SP;11171964;
3SGB_E_I_PI14Y;-3.96e-01;ITF;SP;11171964;
3SGB_E_I_PI14W;-4.94e-01;ITF;SP;11171964;
1PPF_E_I_KI13G;1.23;ITF;SP;11171964;
1PPF_E_I_KI13A;7.46e-01;ITF;SP;11171964;
1PPF_E_I_KI13S;4.54e-01;ITF;SP;11171964;
1PPF_E_I_KI13C;9.49e-01;ITF;SP;11171964;
1PPF_E_I_KI13V;8.59e-01;ITF;SP;11171964;
1PPF_E_I_KI13T;1.64e-01;ITF;SP;11171964;
1PPF_E_I_KI13P;1.25;ITF;SP;11171964;
1PPF_E_I_KI13L;3.96e-01;ITF;SP;11171964;
1PPF_E_I_KI13I;6.23e-01;ITF;SP;11171964;
1PPF_E_I_KI13M;2.05e-01;ITF;SP;11171964;
1PPF_E_I_KI13N;6.51e-01;ITF;SP;11171964;
1PPF_E_I_KI13D;6.23e-01;ITF;SP;11171964;
1PPF_E_I_KI13Q;2.46e-01;ITF;SP;11171964;
1PPF_E_I_KI13E;1.12;ITF;SP;11171964;
1PPF_E_I_KI13H;1.00;ITF;SP;11171964;
1PPF_E_I_KI13F;9.49e-01;ITF;SP;11171964;
1PPF_E_I_KI13R;-6.32e-01;ITF;SP;11171964;
1PPF_E_I_KI13Y;4.99e-01;ITF;SP;11171964;
1PPF_E_I_KI13W;8.20e-01;ITF;SP;11171964;
1R0R_E_I_KI13G;-8.27e-01;ITF;SP;11171964;
1R0R_E_I_KI13A;-6.02e-01;ITF;SP;11171964;
1R0R_E_I_KI13S;-3.03e-01;ITF;SP;11171964;
1R0R_E_I_KI13C;-6.07e-01;ITF;SP;11171964;
1R0R_E_I_KI13V;4.05e-01;ITF;SP;11171964;
1R0R_E_I_KI13T;8.77e-01;ITF;SP;11171964;
1R0R_E_I_KI13P;1.33;ITF;SP;11171964;
1R0R_E_I_KI13L;-3.23e-01;ITF;SP;11171964;
1R0R_E_I_KI13I;1.11;ITF;SP;11171964;
1R0R_E_I_KI13M;-5.53e-01;ITF;SP;11171964;
1R0R_E_I_KI13N;-3.85e-01;ITF;SP;11171964;
1R0R_E_I_KI13D;-5.85e-01;ITF;SP;11171964;
1R0R_E_I_KI13Q;-5.24e-01;ITF;SP;11171964;
1R0R_E_I_KI13E;-1.09e-01;ITF;SP;11171964;
1R0R_E_I_KI13H;-5.85e-01;ITF;SP;11171964;
1R0R_E_I_KI13F;-7.84e-01;ITF;SP;11171964;
1R0R_E_I_KI13R;1.34e-01;ITF;SP;11171964;
1R0R_E_I_KI13Y;-6.86e-01;ITF;SP;11171964;
1R0R_E_I_KI13W;-1.09;ITF;SP;11171964;
3SGB_E_I_KI13G;-7.15e-01;ITF;SP;11171964;
3SGB_E_I_KI13A;-2.54;ITF;SP;11171964;
3SGB_E_I_KI13S;-2.55;ITF;SP;11171964;
3SGB_E_I_KI13C;-5.77e-01;ITF;SP;11171964;
3SGB_E_I_KI13V;-9.42e-01;ITF;SP;11171964;
3SGB_E_I_KI13T;-1.92;ITF;SP;11171964;
3SGB_E_I_KI13P;0.00;ITF;SP;11171964;
3SGB_E_I_KI13L;-1.79;ITF;SP;11171964;
3SGB_E_I_KI13I;-1.33;ITF;SP;11171964;
3SGB_E_I_KI13M;-1.15;ITF;SP;11171964;
3SGB_E_I_KI13N;-6.50e-01;ITF;SP;11171964;
3SGB_E_I_KI13D;-6.15e-01;ITF;SP;11171964;
3SGB_E_I_KI13Q;-6.15e-01;ITF;SP;11171964;
3SGB_E_I_KI13E;3.18e-02;ITF;SP;11171964;
3SGB_E_I_KI13H;-3.96e-01;ITF;SP;11171964;
3SGB_E_I_KI13F;-7.15e-01;ITF;SP;11171964;
3SGB_E_I_KI13R;-6.83e-01;ITF;SP;11171964;
3SGB_E_I_KI13Y;-5.77e-01;ITF;SP;11171964;
3SGB_E_I_KI13W;-1.32e-02;ITF;SP;11171964;
1PPF_E_I_GI32S;9.03e-01;ITF;SP;11171964;
1PPF_E_I_GI32C;1.16;ITF;SP;11171964;
1PPF_E_I_GI32T;2.77;ITF;SP;11171964;
1PPF_E_I_GI32P;2.60e-01;ITF;SP;11171964;
1PPF_E_I_GI32L;3.09;ITF;SP;11171964;
1PPF_E_I_GI32I;4.31;ITF;SP;11171964;
1PPF_E_I_GI32M;2.16;ITF;SP;11171964;
1PPF_E_I_GI32N;1.59;ITF;SP;11171964;
1PPF_E_I_GI32D;2.46;ITF;SP;11171964;
1PPF_E_I_GI32K;3.26;ITF;SP;11171964;
1PPF_E_I_GI32Q;2.76;ITF;SP;11171964;
1PPF_E_I_GI32E;1.44;ITF;SP;11171964;
1PPF_E_I_GI32H;1.48;ITF;SP;11171964;
1PPF_E_I_GI32F;1.46;ITF;SP;11171964;
1PPF_E_I_GI32R;4.78;ITF;SP;11171964;
1PPF_E_I_GI32Y;1.19;ITF;SP;11171964;
1PPF_E_I_GI32W;1.62;ITF;SP;11171964;
1R0R_E_I_GI32S;8.99e-01;ITF;SP;11171964;
1R0R_E_I_GI32C;1.40;ITF;SP;11171964;
1R0R_E_I_GI32T;1.66;ITF;SP;11171964;
1R0R_E_I_GI32P;1.07;ITF;SP;11171964;
1R0R_E_I_GI32L;2.38;ITF;SP;11171964;
1R0R_E_I_GI32I;1.95;ITF;SP;11171964;
1R0R_E_I_GI32M;2.13;ITF;SP;11171964;
1R0R_E_I_GI32N;1.26;ITF;SP;11171964;
1R0R_E_I_GI32D;2.85;ITF;SP;11171964;
1R0R_E_I_GI32K;2.89;ITF;SP;11171964;
1R0R_E_I_GI32Q;2.00;ITF;SP;11171964;
1R0R_E_I_GI32E;1.95;ITF;SP;11171964;
1R0R_E_I_GI32H;2.16;ITF;SP;11171964;
1R0R_E_I_GI32F;1.13e-01;ITF;SP;11171964;
1R0R_E_I_GI32R;3.42;ITF;SP;11171964;
1R0R_E_I_GI32Y;4.79e-01;ITF;SP;11171964;
1R0R_E_I_GI32W;1.38;ITF;SP;11171964;
3SGB_E_I_GI32S;1.59;ITF;SP;11171964;
3SGB_E_I_GI32C;2.58;ITF;SP;11171964;
3SGB_E_I_GI32T;3.00;ITF;SP;11171964;
3SGB_E_I_GI32P;1.08;ITF;SP;11171964;
3SGB_E_I_GI32L;2.62;ITF;SP;11171964;
3SGB_E_I_GI32I;4.04;ITF;SP;11171964;
3SGB_E_I_GI32M;2.77;ITF;SP;11171964;
3SGB_E_I_GI32N;2.24;ITF;SP;11171964;
3SGB_E_I_GI32D;1.60;ITF;SP;11171964;
3SGB_E_I_GI32K;2.49;ITF;SP;11171964;
3SGB_E_I_GI32Q;2.92;ITF;SP;11171964;
3SGB_E_I_GI32E;1.95;ITF;SP;11171964;
3SGB_E_I_GI32H;2.70;ITF;SP;11171964;
3SGB_E_I_GI32F;2.98;ITF;SP;11171964;
3SGB_E_I_GI32R;3.46;ITF;SP;11171964;
3SGB_E_I_GI32Y;3.05;ITF;SP;11171964;
3SGB_E_I_GI32W;3.86;ITF;SP;11171964;
1PPF_E_I_NI36G;-5.64e-01;ITF;SP;11171964;
1PPF_E_I_NI36A;-1.62;ITF;SP;11171964;
1PPF_E_I_NI36S;-1.33;ITF;SP;11171964;
1PPF_E_I_NI36C;5.96e-01;ITF;SP;11171964;
1PPF_E_I_NI36V;3.41e-01;ITF;SP;11171964;
1PPF_E_I_NI36T;5.45e-01;ITF;SP;11171964;
1PPF_E_I_NI36P;-2.92;ITF;SP;11171964;
1PPF_E_I_NI36L;2.61;ITF;SP;11171964;
1PPF_E_I_NI36I;8.59e-01;ITF;SP;11171964;
1PPF_E_I_NI36M;1.08;ITF;SP;11171964;
1PPF_E_I_NI36D;-3.04;ITF;SP;11171964;
1PPF_E_I_NI36K;2.59;ITF;SP;11171964;
1PPF_E_I_NI36Q;3.78e-01;ITF;SP;11171964;
1PPF_E_I_NI36E;-1.00;ITF;SP;11171964;
1PPF_E_I_NI36H;-5.26e-01;ITF;SP;11171964;
1PPF_E_I_NI36F;1.82;ITF;SP;11171964;
1PPF_E_I_NI36R;1.84;ITF;SP;11171964;
1PPF_E_I_NI36Y;1.65;ITF;SP;11171964;
1PPF_E_I_NI36W;1.70;ITF;SP;11171964;
1R0R_E_I_NI36G;2.82e-01;ITF;SP;11171964;
1R0R_E_I_NI36A;-3.27e-02;ITF;SP;11171964;
1R0R_E_I_NI36S;4.79e-01;ITF;SP;11171964;
1R0R_E_I_NI36C;5.62e-01;ITF;SP;11171964;
1R0R_E_I_NI36V;6.59e-01;ITF;SP;11171964;
1R0R_E_I_NI36T;5.62e-01;ITF;SP;11171964;
1R0R_E_I_NI36P;1.46;ITF;SP;11171964;
1R0R_E_I_NI36L;1.53;ITF;SP;11171964;
1R0R_E_I_NI36I;3.10e-01;ITF;SP;11171964;
1R0R_E_I_NI36M;3.10e-01;ITF;SP;11171964;
1R0R_E_I_NI36D;5.62e-01;ITF;SP;11171964;
1R0R_E_I_NI36K;1.13;ITF;SP;11171964;
1R0R_E_I_NI36Q;-2.71e-01;ITF;SP;11171964;
1R0R_E_I_NI36E;-2.02e-01;ITF;SP;11171964;
1R0R_E_I_NI36H;2.82e-01;ITF;SP;11171964;
1R0R_E_I_NI36F;-1.77e-01;ITF;SP;11171964;
1R0R_E_I_NI36R;1.44;ITF;SP;11171964;
1R0R_E_I_NI36Y;1.80e-01;ITF;SP;11171964;
1R0R_E_I_NI36W;5.50e-02;ITF;SP;11171964;
3SGB_E_I_NI36G;3.08e-01;ITF;SP;11171964;
3SGB_E_I_NI36A;3.26e-01;ITF;SP;11171964;
3SGB_E_I_NI36S;4.03e-01;ITF;SP;11171964;
3SGB_E_I_NI36C;3.45e-01;ITF;SP;11171964;
3SGB_E_I_NI36V;-2.39e-01;ITF;SP;11171964;
3SGB_E_I_NI36T;9.71e-03;ITF;SP;11171964;
3SGB_E_I_NI36P;5.71e-01;ITF;SP;11171964;
3SGB_E_I_NI36L;7.31e-01;ITF;SP;11171964;
3SGB_E_I_NI36I;1.95e-01;ITF;SP;11171964;
3SGB_E_I_NI36M;1.39e-01;ITF;SP;11171964;
3SGB_E_I_NI36D;8.98e-01;ITF;SP;11171964;
3SGB_E_I_NI36K;5.71e-01;ITF;SP;11171964;
3SGB_E_I_NI36Q;2.40e-01;ITF;SP;11171964;
3SGB_E_I_NI36E;9.49e-01;ITF;SP;11171964;
3SGB_E_I_NI36H;-1.23e-01;ITF;SP;11171964;
3SGB_E_I_NI36F;-1.39e-01;ITF;SP;11171964;
3SGB_E_I_NI36R;5.71e-01;ITF;SP;11171964;
3SGB_E_I_NI36Y;-1.07e-01;ITF;SP;11171964;
3SGB_E_I_NI36W;5.19e-01;ITF;SP;11171964;
1SMF_E_I_EI16A;1.02;ITF;IAFL;20656696;
1SMF_E_I_SI12A;1.91;ITF;IAFL;20656696;
1SMF_E_I_TI10A;2.06;ITF;IAFL;20656696;
1SMF_E_I_II13A;3.53;ITF;IAFL;20656696;
1FY8_E_I_DE194N;1.70e-01;NIF;ITC;11420435;ITC for Affinity_mut, IAFL for Affinity_wt
1FY8_E_I_QE156K;1.17;NIF;IAFL;11420435;
3TGK_E_I_NE194D;-1.70e-01;NIF;ITC;11420435;ITC for Affinity_mut, IAFL for Affinity_wt
1F5R_A_I_KA156Q;-1.17;NIF;IAFL;11420435;
3BTD_E_I_DI515K;-1.14e+01;ITF;IASP;10339415;
3BTE_E_I_EI515K;-9.32;ITF;IASP;10339415;
3BTF_E_I_FI515K;-6.95;ITF;IASP;10339415;
3BTG_E_I_GI515K;-1.22e+01;ITF;IASP;10339415;
3BTH_E_I_HI515K;-8.69;ITF;IASP;10339415;
3BTM_E_I_MI515K;-7.61;ITF;IASP;10339415;
3BTQ_E_I_QI515K;-9.27;ITF;IASP;10339415;
3BTW_E_I_WI515K;-8.57;ITF;IASP;10339415;
3BTT_E_I_TI515K;-1.05e+01;ITF;IASP;10339415;
2SGP_E_I_PI18L;-8.33;ITF;SP;9047374;
1CSO_E_I_II18L;-4.42;ITF;SP;9047374;
1CT0_E_I_SI18L;-4.10;ITF;SP;9047374;
1CT2_E_I_TI18L;-3.16;ITF;SP;9047374;
1CT4_E_I_VI18L;-3.00;ITF;SP;9047374;
2SGQ_E_I_QI18L;-2.57;ITF;SP;9047374;
1SGD_E_I_DI18L;-5.59;ITF;SP;9047374;
1SGE_E_I_EI18L;-5.90;ITF;SP;9047374;
1SGN_E_I_NI18L;-3.35;ITF;SP;9047374;
1SGP_E_I_AI18L;-2.95;ITF;SP;9047374;
1SGQ_E_I_GI18L;-4.93;ITF;SP;9047374;
1SGY_E_I_YI18L;-1.65;ITF;SP;9047374;
2NU0_E_I_WI18L;-1.84;ITF;SP;9047374;
2NU1_E_I_HI18L;-1.69;ITF;SP;9047374;
2NU2_E_I_RI18L;-3.32;ITF;SP;9047374;
2NU4_E_I_KI18L;-3.14;ITF;SP;9047374;
2J12_A_B_SA299A;9.53e-01;NIF;SPR;16923808;
2J1K_C_T_RC515A;5.15e-02;NIF;SPR;16923808;
2J1K_C_T_GC370D;1.84e-01;ITF;SPR;16923808;
2J1K_C_T_RC384A;7.65e-01;ITF;SPR;16923808;
1KAC_A_B_PA417S;-7.93e-01;ITF;FL;12716886;
1KAC_A_B_SA489Y;-1.25;ITF;FL;12716886;
1P69_A_B_SA417P;7.93e-01;ITF;FL;12716886;
1P6A_A_B_YA489S;1.25;ITF;FL;12716886;
1R0R_E_I_NI28S;-6.51e-02;NIF;FL;Stephen Ming-teh Lu, PhD Thesis, Purdue University, 2000;
3SGB_E_I_NI28S;9.71e-03;NIF;FL;Stephen Ming-teh Lu, PhD Thesis, Purdue University, 2000;
1GCQ_AB_C_PC595A;7.67e-01;ITF;SPR;11406576;
1GCQ_AB_C_AC632G;1.35;ITF;SPR;11406576;
1GCQ_AB_C_WC637Y;2.15;ITF;SPR;11406576;
1GCQ_AB_C_PC657A;1.32;ITF;SPR;11406576;
1GCQ_AB_C_PC608A;1.21e-01;ITF;SPR;11406576;
1GCQ_AB_C_PC609A;8.52e-02;ITF;SPR;11406576;
1GCQ_AB_C_GC611V;-2.52e-02;ITF;SPR;11406576;
1AHW_AB_C_YC157A;-1.89;ITF;IASP;9480775;
1AHW_AB_C_TC167A;-7.41e-02;ITF;IASP;9480775;
1AHW_AB_C_TC170A;1.11;ITF;IASP;9480775;
1AHW_AB_C_LC176A;9.87e-01;ITF;IASP;9480775;
1AHW_AB_C_DC178A;-4.85e-01;ITF;IASP;9480775;
1AHW_AB_C_TC197A;1.35;ITF;IASP;9480775;
1AHW_AB_C_VC198A;-3.14e-01;ITF;IASP;9480775;
1AHW_AB_C_NC199A;1.08;ITF;IASP;9480775;
1DVF_AB_CD_HA30A;1.65;ITF;SPR;8703938;
1DVF_AB_CD_YA50A;6.88e-01;ITF;SPR;8703938;
1DVF_AB_CD_WA92A;3.41e-01;ITF;SPR;8703938;
1DVF_AB_CD_SA93A;1.16;ITF;SPR;8703938;
1DVF_AB_CD_TB30A;9.08e-01;ITF;SPR;8703938;
1DVF_AB_CD_YB32A;1.83;ITF;SPR;8703938;
1DVF_AB_CD_RB99A;1.87;ITF;SPR;8703938;
1DVF_AB_CD_YB101F;2.01;ITF;SPR;8703938;
1DVF_AB_CD_YD98A;4.74;ITF;SPR;8993317;
1DVF_AB_CD_YC49A;1.86;ITF;SPR;8993317;
1DVF_AB_CD_QD100A;1.63;ITF;SPR;8993317;
1DVF_AB_CD_ND54A;1.86;ITF;SPR;8993317;
1DVF_AB_CD_RD100bA;4.09;ITF;SPR;8993317;
1DVF_AB_CD_KD30A;1.00;ITF;SPR;8993317;
1DVF_AB_CD_HD33A;1.86;ITF;SPR;8993317;
1DVF_AB_CD_DD52A;1.68;ITF;SPR;8993317;
1DVF_AB_CD_ID97A;2.68;ITF;SPR;8993317;
1VFB_AB_C_HA30A;8.45e-01;ITF;SPR;8703938;
1VFB_AB_C_YA49A;7.98e-01;ITF;SPR;8703938;
1VFB_AB_C_SA93A;3.43e-01;ITF;SPR;8703938;
1VFB_AB_C_TB30A;-5.58e-02;ITF;SPR;8703938;
1VFB_AB_C_NB56A;1.78e-01;NIF;SPR;8703938;
1VFB_AB_C_DB58A;-2.07e-01;ITF;SPR;8703938;
1VFB_AB_C_EB98A;1.16;ITF;SPR;8703938;
1VFB_AB_C_RB99A;-9.97e-02;ITF;SPR;8703938;
2VIS_AB_C_IC131T;-4.91;ITF;SPR;9461077;
2VIR_AB_C_SC157L;3.68;ITF;SPR;9461077;
2VIR_AB_C_TC131I;4.91;ITF;SPR;9461077;
1KIQ_AB_C_FB101Y;-2.49;ITF;ITC;8952503;
1KIP_AB_C_AB32Y;-8.01e-01;ITF;ITC;8952503;
1KIR_AB_C_SA50Y;-1.39;ITF;ITC;8952503;
2JEL_LH_P_FP2Y;0.00;ITF;CSPRIA;1711212;
2JEL_LH_P_FP2W;2.62;ITF;CSPRIA;1711212;
2JEL_LH_P_QP3K;4.09;ITF;CSPRIA;1711212;
2JEL_LH_P_QP4K;1.36;ITF;CSPRIA;1711212;
2JEL_LH_P_EP5D;4.10e-01;ITF;CSPRIA;1711212;
2JEL_LH_P_EP5Q;7.13e-01;ITF;CSPRIA;1711212;
2JEL_LH_P_VP6F;0.00;NIF;CSPRIA;1711212;
2JEL_LH_P_TP7N;4.10e-01;NIF;CSPRIA;1711212;
2JEL_LH_P_TP7S;0.00;NIF;CSPRIA;1711212;
2JEL_LH_P_PP11E;0.00;NIF;CSPRIA;1711212;
2JEL_LH_P_NP12D;0.00;NIF;CSPRIA;1711212;
2JEL_LH_P_RP17G;0.00;NIF;CSPRIA;1711212;
2JEL_LH_P_RP17K;0.00;NIF;CSPRIA;1711212;
2JEL_LH_P_KP24E;0.00;NIF;CSPRIA;1711212;
2JEL_LH_P_KP27E;0.00;NIF;CSPRIA;1711212;
2JEL_LH_P_TP34Q;0.00;ITF;CSPRIA;1711212;
2JEL_LH_P_TP36Q;4.10e-01;ITF;CSPRIA;1711212;
2JEL_LH_P_NP38T;0.00;NIF;CSPRIA;1711212;
2JEL_LH_P_SP41C;1.50;ITF;CSPRIA;1711212;
2JEL_LH_P_SP43C;0.00;NIF;CSPRIA;1711212;
2JEL_LH_P_SP46C;0.00;NIF;CSPRIA;1711212;
2JEL_LH_P_QP57E;-4.10e-01;NIF;CSPRIA;1711212;
2JEL_LH_P_TP62N;0.00;ITF;CSPRIA;1711212;
2JEL_LH_P_TP62A;0.00;ITF;CSPRIA;1711212;
2JEL_LH_P_SP64T;4.09;ITF;CSPRIA;1711212;
2JEL_LH_P_EP66K;4.09;ITF;CSPRIA;1711212;
2JEL_LH_P_EP68A;4.10e-01;ITF;CSPRIA;1711212;
2JEL_LH_P_DP69E;9.53e-01;NIF;CSPRIA;1711212;
2JEL_LH_P_EP70K;4.09;ITF;CSPRIA;1711212;
2JEL_LH_P_EP70A;2.73;ITF;CSPRIA;1711212;
2JEL_LH_P_QP71E;2.73;ITF;CSPRIA;1711212;
2JEL_LH_P_KP72R;0.00;ITF;CSPRIA;1711212;
2JEL_LH_P_KP72E;4.10e-01;ITF;CSPRIA;1711212;
2JEL_LH_P_EP75R;2.73;ITF;CSPRIA;1711212;
2JEL_LH_P_HP76D;-6.51e-01;ITF;CSPRIA;1711212;
2JEL_LH_P_HP76A;-4.10e-01;ITF;CSPRIA;1711212;
2JEL_LH_P_KP79E;4.10e-01;ITF;CSPRIA;1711212;
2JEL_LH_P_AP82S;0.00;NIF;CSPRIA;1711212;
2JEL_LH_P_EP83A;0.00;NIF;CSPRIA;1711212;
2JEL_LH_P_EP85Q;0.00;NIF;CSPRIA;1711212;
2JEL_LH_P_EP85D;0.00;NIF;CSPRIA;1711212;
2JEL_LH_P_EP85A;0.00;NIF;CSPRIA;1711212;
2JEL_LH_P_EP85K;0.00;NIF;CSPRIA;1711212;
1NCA_N_LH_NH31Q;0.00;ITF;FL;9692956;
1NCA_N_LH_EH96D;4.10e-01;ITF;FL;9692956;
1NCA_N_LH_DH97K;7.14e-01;ITF;FL;9692956;
1NCA_N_LH_NH98Q;5.43e-01;ITF;FL;9692956;
1N8O_ABC_E_ME84L;-6.24e-02;ITF;FL;8143850;
1N8O_ABC_E_ME84K;1.46;ITF;FL;8143850;
1N8O_ABC_E_ME84R;1.35;ITF;FL;8143850;
1REW_AB_C_QC86A;2.66;ITF;SPR;15064755;
3BN9_B_CD_QB38A;-4.15e-01;NIF;FL;17475279;
3BN9_B_CD_IB41A;0.00;ITF;FL;17475279;
3BN9_B_CD_IB60A;8.35e-01;ITF;FL;17475279;
3BN9_B_CD_DB60aA;4.22e-01;ITF;FL;17475279;
3BN9_B_CD_DB60bA;3.11e-01;ITF;FL;17475279;
3BN9_B_CD_RB60cA;-4.50e-02;ITF;FL;17475279;
3BN9_B_CD_FB60eA;-4.50e-02;NIF;FL;17475279;
3BN9_B_CD_RB60fA;-7.16e-02;NIF;FL;17475279;
3BN9_B_CD_YB60gA;1.90e-02;NIF;FL;17475279;
3BN9_B_CD_RB87A;-1.59e-01;NIF;FL;17475279;
3BN9_B_CD_FB94A;6.39e-01;ITF;FL;17475279;
3BN9_B_CD_NB95A;7.73e-01;ITF;FL;17475279;
3BN9_B_CD_TB98A;1.13;ITF;FL;17475279;
3BN9_B_CD_HB143A;8.51e-02;ITF;FL;17475279;
3BN9_B_CD_QB145A;1.33e-01;NIF;FL;17475279;
3BN9_B_CD_YB146A;1.08;ITF;FL;17475279;
3BN9_B_CD_TB150A;2.91e-01;NIF;FL;17475279;
3BN9_B_CD_LB153A;3.36e-01;NIF;FL;17475279;
3BN9_B_CD_EB169A;3.73e-01;NIF;FL;17475279;
3BN9_B_CD_QB174A;-3.47e-02;ITF;FL;17475279;
3BN9_B_CD_QB175A;2.51;ITF;FL;17475279;
3BN9_B_CD_DB217A;5.66e-01;ITF;FL;17475279;
3BN9_B_CD_QB221aA;7.06e-01;ITF;FL;17475279;
3BN9_B_CD_RB222A;-9.37e-02;NIF;FL;17475279;
3BN9_B_CD_KB224A;7.85e-01;ITF;FL;17475279;
3NPS_A_BC_QA38A;2.63e-02;NIF;FL;17475279;
3NPS_A_BC_IA41A;6.42e-01;ITF;FL;17475279;
3NPS_A_BC_IA60A;-3.32e-01;NIF;FL;17475279;
3NPS_A_BC_DA60aA;3.40e-01;ITF;FL;17475279;
3NPS_A_BC_DA60bA;1.07;ITF;FL;17475279;
3NPS_A_BC_RA60cA;-1.06;ITF;FL;17475279;
3NPS_A_BC_FA60eA;2.20e-01;NIF;FL;17475279;
3NPS_A_BC_RA60fA;1.38e-01;NIF;FL;17475279;
3NPS_A_BC_YA60gA;4.52e-01;NIF;FL;17475279;
3NPS_A_BC_RA87A;-1.52e-01;NIF;FL;17475279;
3NPS_A_BC_FA94A;1.59;NIF;FL;17475279;
3NPS_A_BC_NA95A;2.53e-01;NIF;FL;17475279;
3NPS_A_BC_DA96A;1.51;ITF;FL;17475279;
3NPS_A_BC_FA97A;4.64e-01;ITF;FL;17475279;
3NPS_A_BC_TA98A;7.24e-01;ITF;FL;17475279;
3NPS_A_BC_HA143A;1.88;ITF;FL;17475279;
3NPS_A_BC_QA145A;2.96e-01;NIF;FL;17475279;
3NPS_A_BC_YA146A;1.77;ITF;FL;17475279;
3NPS_A_BC_TA150A;1.75e-01;ITF;FL;17475279;
3NPS_A_BC_LA153A;2.96e-01;NIF;FL;17475279;
3NPS_A_BC_EA169A;6.15e-01;NIF;FL;17475279;
3NPS_A_BC_QA174A;-5.92e-02;ITF;FL;17475279;
3NPS_A_BC_QA175A;7.41e-01;ITF;FL;17475279;
3NPS_A_BC_DA217A;1.47;NIF;FL;17475279;
3NPS_A_BC_QA221aA;-4.09e-02;ITF;FL;17475279;
3NPS_A_BC_RA222A;-8.39e-02;NIF;FL;17475279;
3NPS_A_BC_KA224A;-1.04e-01;NIF;FL;17475279;
1DQJ_AB_C_WC62A;7.58e-01;ITF;SPR;12515535;
1DQJ_AB_C_LC75A;1.45;ITF;SPR;12515535;
1DQJ_AB_C_TC89A;8.41e-01;ITF;SPR;12515535;
1DQJ_AB_C_NC93A;6.50e-01;ITF;SPR;12515535;
1DQJ_AB_C_KC96A;6.16;ITF;SPR;12515535;
1DQJ_AB_C_SC100A;7.76e-01;ITF;SPR;12515535;
1DQJ_AB_C_NA31A;2.01;ITF;SPR;12515535;
1DQJ_AB_C_NA32A;4.09;ITF;SPR;12515535;
1DQJ_AB_C_YA50A;2.68;ITF;SPR;12515535;
1DQJ_AB_C_SA91A;1.43;ITF;SPR;12515535;
1DQJ_AB_C_YA96A;1.14;ITF;SPR;12515535;
1DQJ_AB_C_DB32A;2.01;ITF;SPR;12515535;
1DQJ_AB_C_YB33A;5.52;ITF;SPR;12515535;
1DQJ_AB_C_YB50A;6.89;ITF;SPR;12515535;
1DQJ_AB_C_YB53A;1.18;ITF;SPR;12515535;
1DQJ_AB_C_WB98A;4.93;ITF;SPR;12515535;
1CBW_FGH_I_TI11A;2.20e-01;ITF;IASP;8784199;
1CBW_FGH_I_GI12A;6.79e-01;ITF;IASP;8784199;
1CBW_FGH_I_PI13A;-5.59e-02;ITF;IASP;8784199;
1CBW_FGH_I_RI17A;5.48e-01;ITF;IASP;8784199;
1CBW_FGH_I_II18A;1.40;ITF;IASP;8784199;
1CBW_FGH_I_II19A;1.41e-01;ITF;IASP;8784199;
1CBW_FGH_I_RI20A;3.50e-01;NIF;IASP;8784199;
1CBW_FGH_I_FI33A;1.41e-01;NIF;IASP;8784199;
1CBW_FGH_I_VI34A;5.10e-02;ITF;IASP;8784199;
1CBW_FGH_I_YI35A;8.76e-01;NIF;IASP;8784199;
1CBW_FGH_I_GI36A;9.54e-01;ITF;IASP;8784199;
1CBW_FGH_I_GI37A;8.13e-01;ITF;IASP;8784199;
1CBW_FGH_I_RI39A;2.20e-01;ITF;IASP;8784199;
1CBW_FGH_I_KI46A;1.41e-01;NIF;IASP;8784199;
1CBW_FGH_I_KI15G;4.11;ITF;IASP;10339415;
1CBW_FGH_I_KI15S;3.39;ITF;IASP;10339415;
1CBW_FGH_I_KI15V;2.13;ITF;IASP;10339415;
1CBW_FGH_I_KI15T;2.09;ITF;IASP;10339415;
1CBW_FGH_I_KI15D;5.22;ITF;IASP;10339415;
1CBW_FGH_I_KI15N;1.32;ITF;IASP;10339415;
1CBW_FGH_I_KI15M;-1.42;ITF;IASP;10339415;
1CBW_FGH_I_KI15I;2.93;ITF;IASP;10339415;
1CBW_FGH_I_KI15L;-1.58;ITF;IASP;10339415;
1CBW_FGH_I_KI15E;3.87;ITF;IASP;10339415;
1CBW_FGH_I_KI15Q;3.06e-01;ITF;IASP;10339415;
1CBW_FGH_I_KI15H;9.91e-02;ITF;IASP;10339415;
1CBW_FGH_I_KI15R;-6.14e-01;ITF;IASP;10339415;
1CBW_FGH_I_KI15F;-1.96;ITF;IASP;10339415;
1CBW_FGH_I_KI15Y;-2.61;ITF;IASP;10339415;
1CBW_FGH_I_KI15W;-2.44;ITF;IASP;10339415;
1JRH_LH_I_TI14V;-2.56e-02;NIF;SPR;9367779;
1JRH_LH_I_EI45Q;9.96e-02;NIF;SPR;9367779;
1JRH_LH_I_EL27A;5.43e-01;ITF;SPR;11123892;
1JRH_LH_I_DL28A;4.35e-01;ITF;SPR;11123892;
1JRH_LH_I_YL30A;1.11;ITF;SPR;11123892;
1JRH_LH_I_YL91A;5.81e-01;ITF;SPR;11123892;
1JRH_LH_I_WL92A;2.82;ITF;SPR;11123892;
1JRH_LH_I_SL93A;-6.51e-01;ITF;SPR;11123892;
1JRH_LH_I_TL94A;3.85e-01;ITF;SPR;11123892;
1JRH_LH_I_WL96A;1.67;ITF;SPR;11123892;
1JRH_LH_I_YH32A;1.43;ITF;SPR;11123892;
1JRH_LH_I_WH52A;2.69;ITF;SPR;11123892;
1JRH_LH_I_WH53A;2.42;ITF;SPR;11123892;
1JRH_LH_I_DH54A;1.89;ITF;SPR;11123892;
1JRH_LH_I_DH55A;1.67;NIF;SPR;11123892;
1JRH_LH_I_DH56A;1.85;ITF;SPR;11123892;
1JRH_LH_I_YH58A;1.26;ITF;SPR;11123892;
1JRH_LH_I_RH95A;5.43e-01;ITF;SPR;11123892;
1JRH_LH_I_FH98A;0.00;NIF;SPR;11123892;
1JRH_LH_I_YH99A;1.06;ITF;SPR;11123892;
1JRH_LH_I_HH100bA;1.70;ITF;SPR;11123892;
1JRH_LH_I_EI55P;-3.79;ITF;SPR;11123892;
1JRH_LH_I_KI47M;3.29;ITF;SPR;9878445;
1JRH_LH_I_KI52M;4.91;ITF;SPR;9878445;
1DAN_HL_UT_VT33A;-1.93e-01;NIF;ELFA;7756258;
1DAN_HL_UT_YT51A;-1.32e-01;ITF;ELFA;7756258;
1DAN_HL_UT_FT76A;1.15;ITF;ELFA;7756258;
1DAN_HL_UT_YT78A;6.53e-01;ITF;ELFA;7756258;
1DAN_HL_UT_PU92A;-1.93e-01;ITF;ELFA;7756258;
1DAN_HL_UT_VT36A;-1.32e-01;NIF;ELFA;7756258;
1DAN_HL_UT_IT38A;-1.32e-01;NIF;ELFA;7756258;
1DAN_HL_UT_GT43A;6.73e-02;ITF;ELFA;7756258;
1DAN_HL_UT_TT60A;2.31;ITF;ELFA;7756258;
1DAN_HL_UT_RH134A;7.44e-01;ITF;SPR;8962059;
1DAN_HL_UT_MH164A;7.39e-01;ITF;SPR;8962059;
1DAN_HL_UT_KH192A;-1.85e-01;NIF;SPR;8962059;
1DAN_HL_UT_LH144A;1.57e-02;NIF;SPR;8962059;
1DAN_HL_UT_QU110A;1.30;ITF;ELISA;7947809;
1DAN_HL_UT_ST16A;-1.30e-01;ITF;ELISA;8312277;
1DAN_HL_UT_LT59A;0.00;NIF;ELISA;8312277;
1DAN_HL_UT_DT61A;2.42e-01;ITF;ELISA;8312277;
1DAN_HL_UT_ET62A;0.00;ITF;ELISA;8312277;
1DAN_HL_UT_IT63A;0.00;ITF;ELISA;8312277;
1DAN_HL_UT_VT64A;0.00;ITF;ELISA;8312277;
1DAN_HL_UT_QT69A;0.00;ITF;ELISA;8312277;
1DAN_HL_UT_LT72A;-5.98e-02;ITF;ELISA;8312277;
1DAN_HL_UT_EU105A;-5.98e-02;ITF;ELISA;8312277;
1DAN_HL_UT_TU106A;-5.98e-02;ITF;ELISA;8312277;
1DAN_HL_UT_NU107A;0.00;ITF;ELISA;8312277;
1DAN_HL_UT_RU131A;0.00;ITF;ELISA;8312277;
1DAN_HL_UT_TU132A;0.00;ITF;ELISA;8312277;
1DAN_HL_UT_RU136A;-5.98e-02;NIF;ELISA;8312277;
1DAN_HL_UT_NU138A;0.00;ITF;ELISA;8312277;
1DAN_HL_UT_VU146A;1.99e-01;ITF;ELISA;8312277;
1DAN_HL_UT_FU147A;-5.98e-02;ITF;ELISA;8312277;
1DAN_HL_UT_YU157A;0.00;NIF;ELISA;8312277;
1DAN_HL_UT_VU179A;1.10e-01;NIF;ELISA;8312277;
1DAN_HL_UT_RU196A;4.60e-01;NIF;ELISA;8312277;
1DAN_HL_UT_TU197A;1.10e-01;NIF;ELISA;8312277;
1DAN_HL_UT_VU198A;1.10e-01;NIF;ELISA;8312277;
1DAN_HL_UT_NU199A;0.00;NIF;ELISA;8312277;
1NMB_N_LH_DH56N;2.95;ITF;SPR;9579662;
1NMB_N_LH_DH56E;2.95;ITF;SPR;9579662;
1NMB_N_LH_YH99A;2.14;ITF;SPR;9579662;
1NMB_N_LH_YH100aF;1.42;ITF;SPR;9579662;
1NMB_N_LH_YL32F;4.66e-01;ITF;SPR;9579662;
1NMB_N_LH_TL93F;-2.39e-02;ITF;SPR;9579662;
1NMB_N_LH_TL93W;1.84e-01;ITF;SPR;9579662;
1NMB_N_LH_LL94V;9.00e-01;ITF;SPR;9579662;
1VFB_AB_C_DC18A;3.40e-01;ITF;SPR;9609690;
1VFB_AB_C_NC19A;3.96e-01;ITF;SPR;9609690;
1VFB_AB_C_YC23A;4.10e-01;ITF;SPR;9609690;
1VFB_AB_C_SC24A;8.51e-01;ITF;SPR;9609690;
1VFB_AB_C_KC116A;7.13e-01;ITF;SPR;9609690;
1VFB_AB_C_TC118A;7.65e-01;ITF;SPR;9609690;
1VFB_AB_C_DC119A;9.53e-01;ITF;SPR;9609690;
1VFB_AB_C_VC120A;9.17e-01;ITF;SPR;9609690;
1VFB_AB_C_QC121A;2.88;ITF;SPR;9609690;
1VFB_AB_C_IC124A;1.23;ITF;SPR;9609690;
1VFB_AB_C_RC125A;1.84;ITF;SPR;9609690;
1VFB_AB_C_LC129A;1.72e-01;ITF;SPR;9609690;
3HFM_HL_Y_NL32A;5.11;ITF;SP;10338006;
3HFM_HL_Y_KY96A;6.99;ITF;SP;10338006;
3HFM_HL_Y_NL31A;5.21;ITF;SP;10338006;
3HFM_HL_Y_NL31D;1.34;ITF;SP;10338006;
3HFM_HL_Y_NL31E;5.71;ITF;SP;10338006;
3HFM_HL_Y_YL50A;4.56;ITF;SP;10338006;
3HFM_HL_Y_YL50L;4.39;ITF;SP;10338006;
3HFM_HL_Y_YL50F;2.35;ITF;SP;10338006;
3HFM_HL_Y_YH33A;6.04;ITF;SP;10338006;
3HFM_HL_Y_WH98F;3.25;ITF;SP;10338006;
3HFM_HL_Y_WH98A;5.51;ITF;SP;10338006;
3HFM_HL_Y_DH32A;1.90;ITF;SP;10338006;
3HFM_HL_Y_DH32N;1.70e-01;ITF;SP;10338006;
3HFM_HL_Y_SH31A;1.70e-01;ITF;SP;10338006;
3HFM_HL_Y_YH50A;7.32;ITF;SP;10338006;
3HFM_HL_Y_QL53A;9.53e-01;ITF;SP;10338006;
3HFM_HL_Y_YL96A;2.71;ITF;SP;10338006;
3HFM_HL_Y_YL96F;1.40;ITF;SP;10338006;
3HFM_HL_Y_YH53W;7.06e-01;ITF;ITC;7629185;
3HFM_HL_Y_YH53F;6.20e-01;ITF;ITC;7629185;
3HFM_HL_Y_YH53L;8.07e-01;ITF;ITC;7629185;
3HFM_HL_Y_YH53A;3.25;ITF;ITC;7629185;
3HFM_HL_Y_YH33W;1.75;ITF;ITC;7629185;
3HFM_HL_Y_YH33F;1.07;ITF;ITC;7629185;
3HFM_HL_Y_YH33L;2.01;ITF;ITC;7629185;
3HFM_HL_Y_YH50F;1.61;ITF;ITC;7629185;
3HFM_HL_Y_YH50L;2.85;ITF;ITC;7629185;
3HFM_HL_Y_YH58F;3.63e-01;ITF;ITC;7629185;
3HFM_HL_Y_YH58L;1.51;ITF;ITC;7629185;
3HFM_HL_Y_YH58A;1.68;ITF;ITC;7629185;
3HFM_HL_Y_NY19K;2.40e-01;ITF;IASP;7683415;
3HFM_HL_Y_NY19Q;-4.25e-02;ITF;IASP;7683415;
3HFM_HL_Y_NY19D;4.10e-01;ITF;IASP;7683415;
3HFM_HL_Y_RY21M;2.05;ITF;IASP;9761467;
3HFM_HL_Y_KY97G;6.43;ITF;IASP;9761467;
3HFM_HL_Y_KY97D;6.77;ITF;IASP;9761467;
3HFM_HL_Y_KY97E;3.60;ITF;IASP;9761467;
3HFM_HL_Y_KY97R;3.05;ITF;IASP;9761467;
3HFM_HL_Y_KY96M;6.78;ITF;IASP;9761467;
3HFM_HL_Y_HY15A;-4.45e-01;ITF;IASP;9761468;
3HFM_HL_Y_WY63A;3.19e-01;ITF;IASP;9761468;
3HFM_HL_Y_RY73A;-3.31e-01;ITF;IASP;9761468;
3HFM_HL_Y_LY75A;7.04e-01;ITF;IASP;9761468;
3HFM_HL_Y_TY89A;0.00;ITF;IASP;9761468;
3HFM_HL_Y_NY93A;2.11e-01;ITF;IASP;9761468;
3HFM_HL_Y_IY98A;0.00;ITF;IASP;9761468;
3HFM_HL_Y_SY100A;2.68e-01;ITF;IASP;9761468;
3HFM_HL_Y_YY20L;2.18;ITF;IASP;9761468;
3HFM_HL_Y_KY96R;5.35;ITF;IASP;9761468;
1CHO_EFG_I_LI18G;6.00;ITF;FL;9047374;
1CHO_EFG_I_LI18S;4.92;ITF;FL;9047374;
1CHO_EFG_I_LI18C;2.61;ITF;FL;9047374;
1CHO_EFG_I_LI18V;4.21;ITF;FL;9047374;
1CHO_EFG_I_LI18T;4.42;ITF;FL;9047374;
1CHO_EFG_I_LI18P;8.68;ITF;FL;9047374;
1CHO_EFG_I_LI18I;4.42;ITF;FL;9047374;
1CHO_EFG_I_LI18N;3.31;ITF;FL;9047374;
1CHO_EFG_I_LI18D;7.10;ITF;FL;9047374;
1CHO_EFG_I_LI18H;2.96;ITF;FL;9047374;
1CHO_EFG_I_LI18F;-1.48;ITF;FL;9047374;
1CHO_EFG_I_LI18R;3.95;ITF;FL;9047374;
1CHO_EFG_I_LI18Y;-2.19;ITF;FL;9047374;
1CHO_EFG_I_LI18W;-1.67;ITF;FL;9047374;
1CHO_EFG_I_AI15G;6.51e-02;ITF;FL;11171964;
1CHO_EFG_I_AI15S;6.51e-02;ITF;FL;11171964;
1CHO_EFG_I_AI15C;-3.22e-01;ITF;FL;11171964;
1CHO_EFG_I_AI15T;9.56e-01;ITF;FL;11171964;
1CHO_EFG_I_AI15P;3.07;ITF;FL;11171964;
1CHO_EFG_I_AI15L;1.39e-01;ITF;FL;11171964;
1CHO_EFG_I_AI15I;6.46e-01;ITF;FL;11171964;
1CHO_EFG_I_AI15M;1.39e-01;ITF;FL;11171964;
1CHO_EFG_I_AI15N;-2.85e-01;ITF;FL;11171964;
1CHO_EFG_I_AI15D;0.00;ITF;FL;11171964;
1CHO_EFG_I_AI15K;2.46;ITF;FL;11171964;
1CHO_EFG_I_AI15Q;4.36e-01;ITF;FL;11171964;
1CHO_EFG_I_AI15E;2.22e-01;ITF;FL;11171964;
1CHO_EFG_I_AI15H;-3.22e-01;ITF;FL;11171964;
1CHO_EFG_I_AI15F;-7.25e-01;ITF;FL;11171964;
1CHO_EFG_I_AI15R;4.62e-01;ITF;FL;11171964;
1CHO_EFG_I_AI15Y;-8.63e-01;ITF;FL;11171964;
1CHO_EFG_I_AI15W;-1.90;ITF;FL;11171964;
1CHO_EFG_I_TI17G;5.22;ITF;FL;11171964;
1CHO_EFG_I_TI17C;3.28;ITF;FL;11171964;
1CHO_EFG_I_TI17P;4.17;ITF;FL;11171964;
1CHO_EFG_I_TI17L;4.36;ITF;FL;11171964;
1CHO_EFG_I_TI17I;3.60;ITF;FL;11171964;
1CHO_EFG_I_TI17M;3.90;ITF;FL;11171964;
1CHO_EFG_I_TI17N;4.26;ITF;FL;11171964;
1CHO_EFG_I_TI17D;6.73;ITF;FL;11171964;
1CHO_EFG_I_TI17K;4.04;ITF;FL;11171964;
1CHO_EFG_I_TI17Q;3.63;ITF;FL;11171964;
1CHO_EFG_I_TI17H;3.60;ITF;FL;11171964;
1CHO_EFG_I_TI17F;4.17;ITF;FL;11171964;
1CHO_EFG_I_TI17R;3.83;ITF;FL;11171964;
1CHO_EFG_I_TI17Y;4.41;ITF;FL;11171964;
1CHO_EFG_I_TI17W;4.10;ITF;FL;11171964;
1CHO_EFG_I_EI19G;3.57;ITF;FL;11171964;
1CHO_EFG_I_EI19A;2.30;ITF;FL;11171964;
1CHO_EFG_I_EI19S;2.76;ITF;FL;11171964;
1CHO_EFG_I_EI19C;2.69;ITF;FL;11171964;
1CHO_EFG_I_EI19V;2.41;ITF;FL;11171964;
1CHO_EFG_I_EI19T;2.87;ITF;FL;11171964;
1CHO_EFG_I_EI19P;2.55;ITF;FL;11171964;
1CHO_EFG_I_EI19L;2.83;ITF;FL;11171964;
1CHO_EFG_I_EI19I;2.61;ITF;FL;11171964;
1CHO_EFG_I_EI19M;2.66;ITF;FL;11171964;
1CHO_EFG_I_EI19N;2.30;ITF;FL;11171964;
1CHO_EFG_I_EI19D;8.70e-01;ITF;FL;11171964;
1CHO_EFG_I_EI19K;3.54;ITF;FL;11171964;
1CHO_EFG_I_EI19Q;1.32;ITF;FL;11171964;
1CHO_EFG_I_EI19H;2.06;ITF;FL;11171964;
1CHO_EFG_I_EI19F;3.57;ITF;FL;11171964;
1CHO_EFG_I_EI19R;3.63;ITF;FL;11171964;
1CHO_EFG_I_EI19Y;2.63;ITF;FL;11171964;
1CHO_EFG_I_EI19W;3.12;ITF;FL;11171964;
1CHO_EFG_I_YI20G;3.13;ITF;FL;11171964;
1CHO_EFG_I_YI20A;2.51;ITF;FL;11171964;
1CHO_EFG_I_YI20S;2.83;ITF;FL;11171964;
1CHO_EFG_I_YI20C;2.51;ITF;FL;11171964;
1CHO_EFG_I_YI20V;3.42;ITF;FL;11171964;
1CHO_EFG_I_YI20T;3.26;ITF;FL;11171964;
1CHO_EFG_I_YI20P;8.45;ITF;FL;11171964;
1CHO_EFG_I_YI20L;6.75e-01;ITF;FL;11171964;
1CHO_EFG_I_YI20I;2.08;ITF;FL;11171964;
1CHO_EFG_I_YI20M;1.21;ITF;FL;11171964;
1CHO_EFG_I_YI20N;2.96;ITF;FL;11171964;
1CHO_EFG_I_YI20K;3.12;ITF;FL;11171964;
1CHO_EFG_I_YI20Q;3.11;ITF;FL;11171964;
1CHO_EFG_I_YI20E;4.95;ITF;FL;11171964;
1CHO_EFG_I_YI20F;1.79e-01;ITF;FL;11171964;
1CHO_EFG_I_YI20R;2.87;ITF;FL;11171964;
1CHO_EFG_I_YI20W;3.87e-01;ITF;FL;11171964;
1CHO_EFG_I_RI21G;3.44;ITF;FL;11171964;
1CHO_EFG_I_RI21A;3.15;ITF;FL;11171964;
1CHO_EFG_I_RI21S;3.14;ITF;FL;11171964;
1CHO_EFG_I_RI21C;3.48;ITF;FL;11171964;
1CHO_EFG_I_RI21V;2.04;ITF;FL;11171964;
1CHO_EFG_I_RI21T;2.63;ITF;FL;11171964;
1CHO_EFG_I_RI21P;7.19;ITF;FL;11171964;
1CHO_EFG_I_RI21L;2.79;ITF;FL;11171964;
1CHO_EFG_I_RI21I;2.08;ITF;FL;11171964;
1CHO_EFG_I_RI21M;2.58;ITF;FL;11171964;
1CHO_EFG_I_RI21N;3.48;ITF;FL;11171964;
1CHO_EFG_I_RI21D;3.73;ITF;FL;11171964;
1CHO_EFG_I_RI21K;6.54e-01;ITF;FL;11171964;
1CHO_EFG_I_RI21Q;2.44;ITF;FL;11171964;
1CHO_EFG_I_RI21E;3.46;ITF;FL;11171964;
1CHO_EFG_I_RI21H;2.76;ITF;FL;11171964;
1CHO_EFG_I_RI21F;2.91;ITF;FL;11171964;
1CHO_EFG_I_RI21Y;2.96;ITF;FL;11171964;
1CHO_EFG_I_RI21W;2.41;ITF;FL;11171964;
1CHO_EFG_I_PI14G;6.28e-01;ITF;FL;11171964;
1CHO_EFG_I_PI14A;3.75e-01;ITF;FL;11171964;
1CHO_EFG_I_PI14S;-4.35e-01;ITF;FL;11171964;
1CHO_EFG_I_PI14C;-9.70e-01;ITF;FL;11171964;
1CHO_EFG_I_PI14V;-5.42e-01;ITF;FL;11171964;
1CHO_EFG_I_PI14T;-5.42e-01;ITF;FL;11171964;
1CHO_EFG_I_PI14L;-5.17e-01;ITF;FL;11171964;
1CHO_EFG_I_PI14I;-5.04e-01;ITF;FL;11171964;
1CHO_EFG_I_PI14M;-8.17e-01;ITF;FL;11171964;
1CHO_EFG_I_PI14N;-7.69e-01;ITF;FL;11171964;
1CHO_EFG_I_PI14D;-8.40e-01;ITF;FL;11171964;
1CHO_EFG_I_PI14K;3.81e-01;ITF;FL;11171964;
1CHO_EFG_I_PI14Q;-7.18e-01;ITF;FL;11171964;
1CHO_EFG_I_PI14E;-7.10e-01;ITF;FL;11171964;
1CHO_EFG_I_PI14H;-1.11e-01;ITF;FL;11171964;
1CHO_EFG_I_PI14F;-3.03e-01;ITF;FL;11171964;
1CHO_EFG_I_PI14R;3.93e-01;ITF;FL;11171964;
1CHO_EFG_I_PI14Y;-3.90e-01;ITF;FL;11171964;
1CHO_EFG_I_PI14W;-2.06e-01;ITF;FL;11171964;
1CHO_EFG_I_KI13G;1.80;ITF;FL;11171964;
1CHO_EFG_I_KI13A;1.79e-01;ITF;FL;11171964;
1CHO_EFG_I_KI13S;-4.21e-01;ITF;FL;11171964;
1CHO_EFG_I_KI13C;4.96e-01;ITF;FL;11171964;
1CHO_EFG_I_KI13V;1.19;ITF;FL;11171964;
1CHO_EFG_I_KI13T;3.75e-01;ITF;FL;11171964;
1CHO_EFG_I_KI13P;2.05;ITF;FL;11171964;
1CHO_EFG_I_KI13L;3.75e-01;ITF;FL;11171964;
1CHO_EFG_I_KI13I;1.52;ITF;FL;11171964;
1CHO_EFG_I_KI13M;4.20e-01;ITF;FL;11171964;
1CHO_EFG_I_KI13N;-3.56e-01;ITF;FL;11171964;
1CHO_EFG_I_KI13D;-5.04e-01;ITF;FL;11171964;
1CHO_EFG_I_KI13Q;-5.65e-01;ITF;FL;11171964;
1CHO_EFG_I_KI13E;1.79e-01;ITF;FL;11171964;
1CHO_EFG_I_KI13H;1.39e-01;ITF;FL;11171964;
1CHO_EFG_I_KI13F;1.08;ITF;FL;11171964;
1CHO_EFG_I_KI13R;-3.73e-01;ITF;FL;11171964;
1CHO_EFG_I_KI13Y;1.06;ITF;FL;11171964;
1CHO_EFG_I_KI13W;1.01;ITF;FL;11171964;
1CHO_EFG_I_GI32S;-1.36e-01;ITF;FL;11171964;
1CHO_EFG_I_GI32C;2.51;ITF;FL;11171964;
1CHO_EFG_I_GI32T;2.05;ITF;FL;11171964;
1CHO_EFG_I_GI32P;3.20e-01;ITF;FL;11171964;
1CHO_EFG_I_GI32L;1.73;ITF;FL;11171964;
1CHO_EFG_I_GI32I;2.33;ITF;FL;11171964;
1CHO_EFG_I_GI32M;1.61;ITF;FL;11171964;
1CHO_EFG_I_GI32N;9.40e-01;ITF;FL;11171964;
1CHO_EFG_I_GI32D;3.07;ITF;FL;11171964;
1CHO_EFG_I_GI32K;1.57;ITF;FL;11171964;
1CHO_EFG_I_GI32Q;2.35;ITF;FL;11171964;
1CHO_EFG_I_GI32E;2.58;ITF;FL;11171964;
1CHO_EFG_I_GI32H;-9.70e-01;ITF;FL;11171964;
1CHO_EFG_I_GI32F;1.01e-01;ITF;FL;11171964;
1CHO_EFG_I_GI32R;1.72;ITF;FL;11171964;
1CHO_EFG_I_GI32Y;-9.70e-01;ITF;FL;11171964;
1CHO_EFG_I_GI32W;1.04;ITF;FL;11171964;
1CHO_EFG_I_NI36G;-1.37;ITF;FL;11171964;
1CHO_EFG_I_NI36A;-1.35;ITF;FL;11171964;
1CHO_EFG_I_NI36S;-1.46;ITF;FL;11171964;
1CHO_EFG_I_NI36C;-1.11e-01;ITF;FL;11171964;
1CHO_EFG_I_NI36V;3.24e-02;ITF;FL;11171964;
1CHO_EFG_I_NI36T;-1.28;ITF;FL;11171964;
1CHO_EFG_I_NI36P;-1.81;ITF;FL;11171964;
1CHO_EFG_I_NI36L;6.08e-01;ITF;FL;11171964;
1CHO_EFG_I_NI36I;-2.96e-02;ITF;FL;11171964;
1CHO_EFG_I_NI36M;-2.06e-01;ITF;FL;11171964;
1CHO_EFG_I_NI36D;-1.03;ITF;FL;11171964;
1CHO_EFG_I_NI36K;2.30;ITF;FL;11171964;
1CHO_EFG_I_NI36Q;-1.82e-01;ITF;FL;11171964;
1CHO_EFG_I_NI36E;2.30;ITF;FL;11171964;
1CHO_EFG_I_NI36H;-7.25e-01;ITF;FL;11171964;
1CHO_EFG_I_NI36F;2.33;ITF;FL;11171964;
1CHO_EFG_I_NI36R;1.57;ITF;FL;11171964;
1CHO_EFG_I_NI36Y;2.53;ITF;FL;11171964;
1CHO_EFG_I_NI36W;2.15;ITF;FL;11171964;
1DAN_HL_UT_EU208A;-4.83e-03;ITF;SPR;7654692;
1DAN_HL_UT_TU203A;1.35e-01;ITF;SPR;7654692;
1DAN_HL_UT_SU195A;-2.89e-03;NIF;SPR;7654692;
1DAN_HL_UT_YU185A;-3.30e-01;NIF;SPR;7654692;
1DAN_HL_UT_KU181A;1.71e-02;NIF;SPR;7654692;
1DAN_HL_UT_LU176A;7.99e-02;NIF;SPR;7654692;
1DAN_HL_UT_TU172A;-2.55e-02;NIF;SPR;7654692;
1DAN_HL_UT_KU169A;1.17e-01;NIF;SPR;7654692;
1DAN_HL_UT_TU167A;2.12e-01;NIF;SPR;7654692;
1DAN_HL_UT_GU164R;-1.63e-01;ITF;SPR;7654692;
1DAN_HL_UT_SU163A;2.26e-02;ITF;SPR;7654692;
1DAN_HL_UT_WU158F;1.23e-01;ITF;SPR;7654692;
1DAN_HL_UT_YU156L;1.57e-01;ITF;SPR;7654692;
1DAN_HL_UT_IU152A;1.79e-01;NIF;SPR;7654692;
1DAN_HL_UT_DU145A;-1.07e-02;NIF;SPR;7654692;
1DAN_HL_UT_RU144A;-2.89e-03;NIF;SPR;7654692;
1DAN_HL_UT_TU139A;-1.66e-02;NIF;SPR;7654692;
1DAN_HL_UT_LU133A;-2.75e-02;ITF;SPR;7654692;
1DAN_HL_UT_DU129A;-2.65e-02;NIF;SPR;7654692;
1DAN_HL_UT_EU128A;8.58e-02;ITF;SPR;7654692;
1DAN_HL_UT_KU122A;-1.21e-01;NIF;SPR;7654692;
1DAN_HL_UT_EU99A;-1.76e-01;ITF;SPR;7654692;
1DAN_HL_UT_KT68A;-7.04e-02;ITF;SPR;7654692;
1DAN_HL_UT_DT58E;1.38;ITF;SPR;7654692;
1DAN_HL_UT_DT58A;1.99;ITF;SPR;7654692;
1DAN_HL_UT_TT52A;4.05e-01;NIF;SPR;7654692;
1DAN_HL_UT_FT50A;4.38e-01;ITF;SPR;7654692;
1DAN_HL_UT_WT45F;1.27;ITF;SPR;7654692;
1DAN_HL_UT_ST42A;-6.93e-02;ITF;SPR;7654692;
1DAN_HL_UT_KT41A;3.21e-01;ITF;SPR;7654692;
1DAN_HL_UT_KT28A;1.17e-01;NIF;SPR;7654692;
1DAN_HL_UT_ET26A;1.01e-01;NIF;SPR;7654692;
1DAN_HL_UT_WT25F;6.15e-01;NIF;SPR;7654692;
1DAN_HL_UT_ET24A;6.58e-01;ITF;SPR;7654692;
1DAN_HL_UT_IT22A;6.45e-01;ITF;SPR;7654692;
1DAN_HL_UT_TT21A;-1.59e-01;ITF;SPR;7654692;
1DAN_HL_UT_KT20R;1.68;ITF;SPR;7654692;
1DAN_HL_UT_NT18A;1.80e-01;ITF;SPR;7654692;
1DAN_HL_UT_TT17A;1.20e-01;ITF;SPR;7654692;
1DAN_HL_UT_KT15A;-3.97e-01;ITF;SPR;7654692;
1DAN_HL_UT_WT14F;6.91e-01;ITF;SPR;7654692;
2VLR_ABC_DE_AE99S;3.52e-02;ITF;SPR;18275829;
2VLJ_ABC_DE_DE32A;1.57;ITF;SPR;18275829;
2VLJ_ABC_DE_IE53V;2.01e-01;ITF;SPR;18275829;
2VLJ_ABC_DE_IE53L;1.42;ITF;SPR;18275829;
2VLJ_ABC_DE_NE55A;1.13;ITF;SPR;18275829;
2VLJ_ABC_DE_NE55D;4.95e-01;ITF;SPR;18275829;
2VLJ_ABC_DE_DE56A;1.32e-01;ITF;SPR;18275829;
2VLJ_ABC_DE_QE58A;4.95e-01;ITF;SPR;18275829;
2VLJ_ABC_DE_QE58E;0.00;ITF;SPR;18275829;
2VLJ_ABC_DE_SE99A;-3.52e-02;ITF;SPR;18275829;
2VLJ_ABC_DE_YE101A;2.32e-01;ITF;SPR;18275829;
2VLJ_ABC_DE_YE101F;4.95e-01;ITF;SPR;18275829;
2VLJ_ABC_DE_SD31A;6.27e-01;ITF;SPR;18275829;
2VLJ_ABC_DE_SD32A;1.04;ITF;SPR;18275829;
2VLJ_ABC_DE_QD34A;9.75e-01;ITF;SPR;18275829;
1CHO_EFG_I_NI28S;0.00;NIF;FL;Stephen Ming-teh Lu, PhD Thesis, Purdue University, 2000;
